Loan_ID,Gender,Married,Dependents,Education,Self_Employed,ApplicantIncome,CoapplicantIncome,LoanAmount,Loan_Amount_Term,Credit_History,Property_Area,Loan_Status,TotalIncome,IncomeCategory,Loan_to_Income_Ratio,EMI_Estimate,ApplicantType,FamilySize,RiskCategory
LP001002,Male,No,0,Graduate,No,5849,0.0,128.0,360,1,Urban,1,5849.0,Medium,21.884082749187897,355.55555555555554,Solo,1,Low
LP001003,Male,Yes,1,Graduate,No,4583,1508.0,128.0,360,1,Rural,0,6091.0,High,21.0146117222131,355.55555555555554,Joint,3,Low
LP001005,Male,Yes,0,Graduate,Yes,3000,0.0,66.0,360,1,Urban,1,3000.0,Low,22.0,183.33333333333334,Solo,2,Medium
LP001006,Male,Yes,0,Not Graduate,No,2583,2358.0,120.0,360,1,Urban,1,4941.0,Medium,24.286581663630844,333.3333333333333,Joint,2,Low
LP001008,Male,No,0,Graduate,No,6000,0.0,141.0,360,1,Urban,1,6000.0,High,23.5,391.6666666666667,Solo,1,Low
LP001011,Male,Yes,2,Graduate,Yes,5417,4196.0,267.0,360,1,Urban,1,9613.0,High,27.77488817226672,741.6666666666666,Joint,4,Low
LP001013,Male,Yes,0,Not Graduate,No,2333,1516.0,95.0,360,1,Urban,1,3849.0,Medium,24.68173551571837,263.8888888888889,Joint,2,Medium
LP001014,Male,Yes,3+,Graduate,No,3036,2504.0,158.0,360,0,Semiurban,0,5540.0,Medium,28.51985559566787,438.8888888888889,Joint,5,High
LP001018,Male,Yes,2,Graduate,No,4006,1526.0,168.0,360,1,Urban,1,5532.0,Medium,30.36876355748373,466.6666666666667,Joint,4,Low
LP001020,Male,Yes,1,Graduate,No,12841,10968.0,349.0,360,1,Semiurban,0,23809.0,Ultra,14.658322483094627,969.4444444444445,Joint,3,Low
LP001024,Male,Yes,2,Graduate,No,3200,700.0,70.0,360,1,Urban,1,3900.0,Medium,17.94871794871795,194.44444444444446,Joint,4,Medium
LP001027,Male,Yes,2,Graduate,No,2500,1840.0,109.0,360,1,Urban,1,4340.0,Medium,25.11520737327189,302.77777777777777,Joint,4,Low
LP001028,Male,Yes,2,Graduate,No,3073,8106.0,200.0,360,1,Urban,1,11179.0,Ultra,17.890687896949636,555.5555555555555,Joint,4,Low
LP001029,Male,No,0,Graduate,No,1853,2840.0,114.0,360,1,Rural,0,4693.0,Medium,24.291497975708502,316.6666666666667,Joint,1,Low
LP001030,Male,Yes,2,Graduate,No,1299,1086.0,17.0,120,1,Urban,1,2385.0,Low,7.127882599580713,141.66666666666666,Joint,4,Medium
LP001032,Male,No,0,Graduate,No,4950,0.0,125.0,360,1,Urban,1,4950.0,Medium,25.252525252525253,347.22222222222223,Solo,1,Low
LP001034,Male,No,1,Not Graduate,No,3596,0.0,100.0,240,1,Urban,1,3596.0,Medium,27.808676307007786,416.6666666666667,Solo,2,Medium
LP001036,Female,No,0,Graduate,No,3510,0.0,76.0,360,0,Urban,0,3510.0,Medium,21.65242165242165,211.11111111111111,Solo,1,High
LP001038,Male,Yes,0,Not Graduate,No,4887,0.0,133.0,360,1,Rural,0,4887.0,Medium,27.215060364231636,369.44444444444446,Solo,2,Low
LP001041,Male,Yes,0,Graduate,No,2600,3500.0,115.0,360,1,Urban,1,6100.0,High,18.852459016393443,319.44444444444446,Joint,2,Low
LP001043,Male,Yes,0,Not Graduate,No,7660,0.0,104.0,360,0,Urban,0,7660.0,High,13.577023498694517,288.8888888888889,Solo,2,High
LP001046,Male,Yes,1,Graduate,No,5955,5625.0,315.0,360,1,Urban,1,11580.0,Ultra,27.202072538860104,875.0,Joint,3,Low
LP001047,Male,Yes,0,Not Graduate,No,2600,1911.0,116.0,360,0,Semiurban,0,4511.0,Medium,25.71491908667701,322.22222222222223,Joint,2,High
LP001050,Male,Yes,2,Not Graduate,No,3365,1917.0,112.0,360,0,Rural,0,5282.0,Medium,21.204089360090876,311.1111111111111,Joint,4,High
LP001052,Male,Yes,1,Graduate,No,3717,2925.0,151.0,360,1,Semiurban,0,6642.0,High,22.73411623005119,419.44444444444446,Joint,3,Low
LP001066,Male,Yes,0,Graduate,Yes,9560,0.0,191.0,360,1,Semiurban,1,9560.0,High,19.97907949790795,530.5555555555555,Solo,2,Low
LP001068,Male,Yes,0,Graduate,No,2799,2253.0,122.0,360,1,Semiurban,1,5052.0,Medium,24.14885193982581,338.8888888888889,Joint,2,Low
LP001073,Male,Yes,2,Not Graduate,No,4226,1040.0,110.0,360,1,Urban,1,5266.0,Medium,20.888720091150777,305.55555555555554,Joint,4,Low
LP001086,Male,No,0,Not Graduate,No,1442,0.0,35.0,360,1,Urban,0,1442.0,Low,24.271844660194176,97.22222222222223,Solo,1,Medium
LP001087,Female,No,2,Graduate,No,3750,2083.0,120.0,360,1,Semiurban,1,5833.0,Medium,20.5726041488085,333.3333333333333,Joint,3,Low
LP001091,Male,Yes,1,Graduate,No,4166,3369.0,201.0,360,1,Urban,0,7535.0,High,26.675514266755144,558.3333333333334,Joint,3,Low
LP001095,Male,No,0,Graduate,No,3167,0.0,74.0,360,1,Urban,0,3167.0,Low,23.365961477739184,205.55555555555554,Solo,1,Medium
LP001097,Male,No,1,Graduate,Yes,4692,0.0,106.0,360,1,Rural,0,4692.0,Medium,22.59164535379369,294.44444444444446,Solo,2,Low
LP001098,Male,Yes,0,Graduate,No,3500,1667.0,114.0,360,1,Semiurban,1,5167.0,Medium,22.063092703696537,316.6666666666667,Joint,2,Low
LP001100,Male,No,3+,Graduate,No,12500,3000.0,320.0,360,1,Rural,0,15500.0,Ultra,20.64516129032258,888.8888888888889,Joint,4,Low
LP001106,Male,Yes,0,Graduate,No,2275,2067.0,128.0,360,1,Urban,1,4342.0,Medium,29.47950253339475,355.55555555555554,Joint,2,Low
LP001109,Male,Yes,0,Graduate,No,1828,1330.0,100.0,360,0,Urban,0,3158.0,Low,31.665611146295124,277.77777777777777,Joint,2,High
LP001112,Female,Yes,0,Graduate,No,3667,1459.0,144.0,360,1,Semiurban,1,5126.0,Medium,28.092079594225517,400.0,Joint,2,Low
LP001114,Male,No,0,Graduate,No,4166,7210.0,184.0,360,1,Urban,1,11376.0,Ultra,16.17440225035162,511.1111111111111,Joint,1,Low
LP001116,Male,No,0,Not Graduate,No,3748,1668.0,110.0,360,1,Semiurban,1,5416.0,Medium,20.31019202363368,305.55555555555554,Joint,1,Low
LP001119,Male,No,0,Graduate,No,3600,0.0,80.0,360,1,Urban,0,3600.0,Medium,22.22222222222222,222.22222222222223,Solo,1,Medium
LP001120,Male,No,0,Graduate,No,1800,1213.0,47.0,360,1,Urban,1,3013.0,Low,15.599070693660803,130.55555555555554,Joint,1,Medium
LP001123,Male,Yes,0,Graduate,No,2400,0.0,75.0,360,1,Urban,1,2400.0,Low,31.25,208.33333333333334,Solo,2,Medium
LP001131,Male,Yes,0,Graduate,No,3941,2336.0,134.0,360,1,Semiurban,1,6277.0,High,21.347777600764697,372.22222222222223,Joint,2,Low
LP001136,Male,Yes,0,Not Graduate,Yes,4695,0.0,96.0,360,1,Urban,1,4695.0,Medium,20.447284345047922,266.6666666666667,Solo,2,Low
LP001137,Female,No,0,Graduate,No,3410,0.0,88.0,360,1,Urban,1,3410.0,Low,25.806451612903224,244.44444444444446,Solo,1,Medium
LP001138,Male,Yes,1,Graduate,No,5649,0.0,44.0,360,1,Urban,1,5649.0,Medium,7.788989201628607,122.22222222222223,Solo,3,Low
LP001144,Male,Yes,0,Graduate,No,5821,0.0,144.0,360,1,Urban,1,5821.0,Medium,24.738017522762412,400.0,Solo,2,Low
LP001146,Female,Yes,0,Graduate,No,2645,3440.0,120.0,360,0,Urban,0,6085.0,High,19.72062448644207,333.3333333333333,Joint,2,High
LP001151,Female,No,0,Graduate,No,4000,2275.0,144.0,360,1,Semiurban,1,6275.0,High,22.948207171314742,400.0,Joint,1,Low
LP001155,Female,Yes,0,Not Graduate,No,1928,1644.0,100.0,360,1,Semiurban,1,3572.0,Medium,27.99552071668533,277.77777777777777,Joint,2,Medium
LP001157,Female,No,0,Graduate,No,3086,0.0,120.0,360,1,Semiurban,1,3086.0,Low,38.8852883992223,333.3333333333333,Solo,1,Medium
LP001164,Female,No,0,Graduate,No,4230,0.0,112.0,360,1,Semiurban,0,4230.0,Medium,26.47754137115839,311.1111111111111,Solo,1,Low
LP001179,Male,Yes,2,Graduate,No,4616,0.0,134.0,360,1,Urban,0,4616.0,Medium,29.02946273830156,372.22222222222223,Solo,4,Low
LP001186,Female,Yes,1,Graduate,Yes,11500,0.0,286.0,360,0,Urban,0,11500.0,Ultra,24.869565217391305,794.4444444444445,Solo,3,High
LP001194,Male,Yes,2,Graduate,No,2708,1167.0,97.0,360,1,Semiurban,1,3875.0,Medium,25.032258064516128,269.44444444444446,Joint,4,Medium
LP001195,Male,Yes,0,Graduate,No,2132,1591.0,96.0,360,1,Semiurban,1,3723.0,Medium,25.785656728444803,266.6666666666667,Joint,2,Medium
LP001197,Male,Yes,0,Graduate,No,3366,2200.0,135.0,360,1,Rural,0,5566.0,Medium,24.254401724757457,375.0,Joint,2,Low
LP001198,Male,Yes,1,Graduate,No,8080,2250.0,180.0,360,1,Urban,1,10330.0,Ultra,17.424975798644724,500.0,Joint,3,Low
LP001199,Male,Yes,2,Not Graduate,No,3357,2859.0,144.0,360,1,Urban,1,6216.0,High,23.166023166023166,400.0,Joint,4,Low
LP001205,Male,Yes,0,Graduate,No,2500,3796.0,120.0,360,1,Urban,1,6296.0,High,19.05972045743329,333.3333333333333,Joint,2,Low
LP001206,Male,Yes,3+,Graduate,No,3029,0.0,99.0,360,1,Urban,1,3029.0,Low,32.684054143281614,275.0,Solo,5,Medium
LP001207,Male,Yes,0,Not Graduate,Yes,2609,3449.0,165.0,180,0,Rural,0,6058.0,High,27.23671178606801,916.6666666666666,Joint,2,High
LP001213,Male,Yes,1,Graduate,No,4945,0.0,128.0,360,0,Rural,0,4945.0,Medium,25.88473205257836,355.55555555555554,Solo,3,High
LP001222,Female,No,0,Graduate,No,4166,0.0,116.0,360,0,Semiurban,0,4166.0,Medium,27.84445511281805,322.22222222222223,Solo,1,High
LP001225,Male,Yes,0,Graduate,No,5726,4595.0,258.0,360,1,Semiurban,0,10321.0,Ultra,24.997577754093594,716.6666666666666,Joint,2,Low
LP001228,Male,No,0,Not Graduate,No,3200,2254.0,126.0,180,0,Urban,0,5454.0,Medium,23.102310231023104,700.0,Joint,1,High
LP001233,Male,Yes,1,Graduate,No,10750,0.0,312.0,360,1,Urban,1,10750.0,Ultra,29.023255813953487,866.6666666666666,Solo,3,Low
LP001238,Male,Yes,3+,Not Graduate,Yes,7100,0.0,125.0,60,1,Urban,1,7100.0,High,17.6056338028169,2083.3333333333335,Solo,5,Low
LP001241,Female,No,0,Graduate,No,4300,0.0,136.0,360,0,Semiurban,0,4300.0,Medium,31.627906976744185,377.77777777777777,Solo,1,High
LP001243,Male,Yes,0,Graduate,No,3208,3066.0,172.0,360,1,Urban,1,6274.0,High,27.41472744660504,477.77777777777777,Joint,2,Low
LP001245,Male,Yes,2,Not Graduate,Yes,1875,1875.0,97.0,360,1,Semiurban,1,3750.0,Medium,25.866666666666667,269.44444444444446,Joint,4,Medium
LP001248,Male,No,0,Graduate,No,3500,0.0,81.0,300,1,Semiurban,1,3500.0,Medium,23.142857142857142,270.0,Solo,1,Medium
LP001250,Male,Yes,3+,Not Graduate,No,4755,0.0,95.0,360,0,Semiurban,0,4755.0,Medium,19.978969505783386,263.8888888888889,Solo,5,High
LP001253,Male,Yes,3+,Graduate,Yes,5266,1774.0,187.0,360,1,Semiurban,1,7040.0,High,26.5625,519.4444444444445,Joint,5,Low
LP001255,Male,No,0,Graduate,No,3750,0.0,113.0,480,1,Urban,0,3750.0,Medium,30.133333333333333,235.41666666666666,Solo,1,Medium
LP001256,Male,No,0,Graduate,No,3750,4750.0,176.0,360,1,Urban,0,8500.0,High,20.705882352941178,488.8888888888889,Joint,1,Low
LP001259,Male,Yes,1,Graduate,Yes,1000,3022.0,110.0,360,1,Urban,0,4022.0,Medium,27.349577324714073,305.55555555555554,Joint,3,Low
LP001263,Male,Yes,3+,Graduate,No,3167,4000.0,180.0,300,0,Semiurban,0,7167.0,High,25.115110925073253,600.0,Joint,5,High
LP001264,Male,Yes,3+,Not Graduate,Yes,3333,2166.0,130.0,360,1,Semiurban,1,5499.0,Medium,23.64066193853428,361.1111111111111,Joint,5,Low
LP001265,Female,No,0,Graduate,No,3846,0.0,111.0,360,1,Semiurban,1,3846.0,Medium,28.861154446177846,308.3333333333333,Solo,1,Medium
LP001266,Male,Yes,1,Graduate,Yes,2395,0.0,128.0,360,1,Semiurban,1,2395.0,Low,53.4446764091858,355.55555555555554,Solo,3,Medium
LP001267,Female,Yes,2,Graduate,No,1378,1881.0,167.0,360,1,Urban,0,3259.0,Low,51.2427124884934,463.8888888888889,Joint,4,Medium
LP001273,Male,Yes,0,Graduate,No,6000,2250.0,265.0,360,1,Semiurban,0,8250.0,High,32.121212121212125,736.1111111111111,Joint,2,Low
LP001275,Male,Yes,1,Graduate,No,3988,0.0,50.0,240,1,Urban,1,3988.0,Medium,12.537612838515546,208.33333333333334,Solo,3,Medium
LP001279,Male,No,0,Graduate,No,2366,2531.0,136.0,360,1,Semiurban,1,4897.0,Medium,27.77210537063508,377.77777777777777,Joint,1,Low
LP001280,Male,Yes,2,Not Graduate,No,3333,2000.0,99.0,360,1,Semiurban,1,5333.0,Medium,18.5636602287643,275.0,Joint,4,Low
LP001282,Male,Yes,0,Graduate,No,2500,2118.0,104.0,360,1,Semiurban,1,4618.0,Medium,22.52057167605024,288.8888888888889,Joint,2,Low
LP001289,Male,No,0,Graduate,No,8566,0.0,210.0,360,1,Urban,1,8566.0,High,24.515526500116742,583.3333333333334,Solo,1,Low
LP001310,Male,Yes,0,Graduate,No,5695,4167.0,175.0,360,1,Semiurban,1,9862.0,High,17.744879334820524,486.1111111111111,Joint,2,Low
LP001316,Male,Yes,0,Graduate,No,2958,2900.0,131.0,360,1,Semiurban,1,5858.0,Medium,22.362581085694778,363.8888888888889,Joint,2,Low
LP001318,Male,Yes,2,Graduate,No,6250,5654.0,188.0,180,1,Semiurban,1,11904.0,Ultra,15.793010752688172,1044.4444444444443,Joint,4,Low
LP001319,Male,Yes,2,Not Graduate,No,3273,1820.0,81.0,360,1,Urban,1,5093.0,Medium,15.904182210877675,225.0,Joint,4,Low
LP001322,Male,No,0,Graduate,No,4133,0.0,122.0,360,1,Semiurban,1,4133.0,Medium,29.518509557222355,338.8888888888889,Solo,1,Low
LP001325,Male,No,0,Not Graduate,No,3620,0.0,25.0,120,1,Semiurban,1,3620.0,Medium,6.906077348066298,208.33333333333334,Solo,1,Medium
LP001326,Male,No,0,Graduate,No,6782,0.0,128.0,360,1,Urban,0,6782.0,High,18.873488646416988,355.55555555555554,Solo,1,Low
LP001327,Female,Yes,0,Graduate,No,2484,2302.0,137.0,360,1,Semiurban,1,4786.0,Medium,28.625156707062263,380.55555555555554,Joint,2,Low
LP001333,Male,Yes,0,Graduate,No,1977,997.0,50.0,360,1,Semiurban,1,2974.0,Low,16.812373907195695,138.88888888888889,Joint,2,Medium
LP001334,Male,Yes,0,Not Graduate,No,4188,0.0,115.0,180,1,Semiurban,1,4188.0,Medium,27.45940783190067,638.8888888888889,Solo,2,Low
LP001343,Male,Yes,0,Graduate,No,1759,3541.0,131.0,360,1,Semiurban,1,5300.0,Medium,24.71698113207547,363.8888888888889,Joint,2,Low
LP001345,Male,Yes,2,Not Graduate,No,4288,3263.0,133.0,180,1,Urban,1,7551.0,High,17.61356111773275,738.8888888888889,Joint,4,Low
LP001349,Male,No,0,Graduate,No,4843,3806.0,151.0,360,1,Semiurban,1,8649.0,High,17.458665741704245,419.44444444444446,Joint,1,Low
LP001350,Male,Yes,0,Graduate,No,13650,0.0,128.0,360,1,Urban,1,13650.0,Ultra,9.377289377289378,355.55555555555554,Solo,2,Low
LP001356,Male,Yes,0,Graduate,No,4652,3583.0,128.0,360,1,Semiurban,1,8235.0,High,15.54341226472374,355.55555555555554,Joint,2,Low
LP001357,Male,Yes,0,Graduate,No,3816,754.0,160.0,360,1,Urban,1,4570.0,Medium,35.010940919037196,444.44444444444446,Joint,2,Low
LP001367,Male,Yes,1,Graduate,No,3052,1030.0,100.0,360,1,Urban,1,4082.0,Medium,24.49779519843214,277.77777777777777,Joint,3,Low
LP001369,Male,Yes,2,Graduate,No,11417,1126.0,225.0,360,1,Urban,1,12543.0,Ultra,17.93829227457546,625.0,Joint,4,Low
LP001370,Male,No,0,Not Graduate,No,7333,0.0,120.0,360,1,Rural,0,7333.0,High,16.36438019909996,333.3333333333333,Solo,1,Low
LP001379,Male,Yes,2,Graduate,No,3800,3600.0,216.0,360,0,Urban,0,7400.0,High,29.18918918918919,600.0,Joint,4,High
LP001384,Male,Yes,3+,Not Graduate,No,2071,754.0,94.0,480,1,Semiurban,1,2825.0,Low,33.27433628318584,195.83333333333334,Joint,5,Medium
LP001385,Male,No,0,Graduate,No,5316,0.0,136.0,360,1,Urban,1,5316.0,Medium,25.583145221971407,377.77777777777777,Solo,1,Low
LP001387,Female,Yes,0,Graduate,No,2929,2333.0,139.0,360,1,Semiurban,1,5262.0,Medium,26.415811478525274,386.1111111111111,Joint,2,Low
LP001391,Male,Yes,0,Not Graduate,No,3572,4114.0,152.0,360,0,Rural,0,7686.0,High,19.776216497527972,422.22222222222223,Joint,2,High
LP001392,Female,No,1,Graduate,Yes,7451,0.0,128.0,360,1,Semiurban,1,7451.0,High,17.17890216078379,355.55555555555554,Solo,2,Low
LP001398,Male,No,0,Graduate,No,5050,0.0,118.0,360,1,Semiurban,1,5050.0,Medium,23.366336633663366,327.77777777777777,Solo,1,Low
LP001401,Male,Yes,1,Graduate,No,14583,0.0,185.0,180,1,Rural,1,14583.0,Ultra,12.686004251525748,1027.7777777777778,Solo,3,Low
LP001404,Female,Yes,0,Graduate,No,3167,2283.0,154.0,360,1,Semiurban,1,5450.0,Medium,28.256880733944953,427.77777777777777,Joint,2,Low
LP001405,Male,Yes,1,Graduate,No,2214,1398.0,85.0,360,1,Urban,1,3612.0,Medium,23.53266888150609,236.11111111111111,Joint,3,Medium
LP001421,Male,Yes,0,Graduate,No,5568,2142.0,175.0,360,1,Rural,0,7710.0,High,22.69779507133593,486.1111111111111,Joint,2,Low
LP001422,Female,No,0,Graduate,No,10408,0.0,259.0,360,1,Urban,1,10408.0,Ultra,24.884704073789393,719.4444444444445,Solo,1,Low
LP001426,Male,Yes,0,Graduate,No,5667,2667.0,180.0,360,1,Rural,1,8334.0,High,21.598272138228943,500.0,Joint,2,Low
LP001430,Female,No,0,Graduate,No,4166,0.0,44.0,360,1,Semiurban,1,4166.0,Medium,10.561689870379261,122.22222222222223,Solo,1,Low
LP001431,Female,No,0,Graduate,No,2137,8980.0,137.0,360,0,Semiurban,1,11117.0,Ultra,12.323468561662319,380.55555555555554,Joint,1,High
LP001432,Male,Yes,2,Graduate,No,2957,0.0,81.0,360,1,Semiurban,1,2957.0,Low,27.392627663172135,225.0,Solo,4,Medium
LP001439,Male,Yes,0,Not Graduate,No,4300,2014.0,194.0,360,1,Rural,1,6314.0,High,30.725372188786825,538.8888888888889,Joint,2,Low
LP001443,Female,No,0,Graduate,No,3692,0.0,93.0,360,1,Rural,1,3692.0,Medium,25.189599133261105,258.3333333333333,Solo,1,Medium
LP001448,Male,Yes,3+,Graduate,No,23803,0.0,370.0,360,1,Rural,1,23803.0,Ultra,15.544259127000798,1027.7777777777778,Solo,5,Low
LP001449,Male,No,0,Graduate,No,3865,1640.0,128.0,360,1,Rural,1,5505.0,Medium,23.251589464123523,355.55555555555554,Joint,1,Low
LP001451,Male,Yes,1,Graduate,Yes,10513,3850.0,160.0,180,0,Urban,0,14363.0,Ultra,11.139734038849822,888.8888888888889,Joint,3,High
LP001465,Male,Yes,0,Graduate,No,6080,2569.0,182.0,360,1,Rural,0,8649.0,High,21.042895132385247,505.55555555555554,Joint,2,Low
LP001469,Male,No,0,Graduate,Yes,20166,0.0,650.0,480,1,Urban,1,20166.0,Ultra,32.2324704948924,1354.1666666666667,Solo,1,Low
LP001473,Male,No,0,Graduate,No,2014,1929.0,74.0,360,1,Urban,1,3943.0,Medium,18.76743596246513,205.55555555555554,Joint,1,Medium
LP001478,Male,No,0,Graduate,No,2718,0.0,70.0,360,1,Semiurban,1,2718.0,Low,25.754231052244297,194.44444444444446,Solo,1,Medium
LP001482,Male,Yes,0,Graduate,Yes,3459,0.0,25.0,120,1,Semiurban,1,3459.0,Low,7.227522405319457,208.33333333333334,Solo,2,Medium
LP001487,Male,No,0,Graduate,No,4895,0.0,102.0,360,1,Semiurban,1,4895.0,Medium,20.83758937691522,283.3333333333333,Solo,1,Low
LP001488,Male,Yes,3+,Graduate,No,4000,7750.0,290.0,360,1,Semiurban,0,11750.0,Ultra,24.680851063829788,805.5555555555555,Joint,5,Low
LP001489,Female,Yes,0,Graduate,No,4583,0.0,84.0,360,1,Rural,0,4583.0,Medium,18.328605716779403,233.33333333333334,Solo,2,Low
LP001491,Male,Yes,2,Graduate,Yes,3316,3500.0,88.0,360,1,Urban,1,6816.0,High,12.910798122065728,244.44444444444446,Joint,4,Low
LP001492,Male,No,0,Graduate,No,14999,0.0,242.0,360,0,Semiurban,0,14999.0,Ultra,16.134408960597373,672.2222222222222,Solo,1,High
LP001493,Male,Yes,2,Not Graduate,No,4200,1430.0,129.0,360,1,Rural,0,5630.0,Medium,22.912966252220247,358.3333333333333,Joint,4,Low
LP001497,Male,Yes,2,Graduate,No,5042,2083.0,185.0,360,1,Rural,0,7125.0,High,25.964912280701753,513.8888888888889,Joint,4,Low
LP001498,Male,No,0,Graduate,No,5417,0.0,168.0,360,1,Urban,1,5417.0,Medium,31.013476093778845,466.6666666666667,Solo,1,Low
LP001504,Male,No,0,Graduate,Yes,6950,0.0,175.0,180,1,Semiurban,1,6950.0,High,25.179856115107913,972.2222222222222,Solo,1,Low
LP001507,Male,Yes,0,Graduate,No,2698,2034.0,122.0,360,1,Semiurban,1,4732.0,Medium,25.78191039729501,338.8888888888889,Joint,2,Low
LP001508,Male,Yes,2,Graduate,No,11757,0.0,187.0,180,1,Urban,1,11757.0,Ultra,15.905418048821979,1038.888888888889,Solo,4,Low
LP001514,Female,Yes,0,Graduate,No,2330,4486.0,100.0,360,1,Semiurban,1,6816.0,High,14.671361502347418,277.77777777777777,Joint,2,Low
LP001516,Female,Yes,2,Graduate,No,14866,0.0,70.0,360,1,Urban,1,14866.0,Ultra,4.708731333243644,194.44444444444446,Solo,4,Low
LP001518,Male,Yes,1,Graduate,No,1538,1425.0,30.0,360,1,Urban,1,2963.0,Low,10.12487343908201,83.33333333333333,Joint,3,Medium
LP001519,Female,No,0,Graduate,No,10000,1666.0,225.0,360,1,Rural,0,11666.0,Ultra,19.286816389507973,625.0,Joint,1,Low
LP001520,Male,Yes,0,Graduate,No,4860,830.0,125.0,360,1,Semiurban,1,5690.0,Medium,21.968365553602812,347.22222222222223,Joint,2,Low
LP001528,Male,No,0,Graduate,No,6277,0.0,118.0,360,0,Rural,0,6277.0,High,18.798789230524136,327.77777777777777,Solo,1,High
LP001529,Male,Yes,0,Graduate,Yes,2577,3750.0,152.0,360,1,Rural,1,6327.0,High,24.024024024024023,422.22222222222223,Joint,2,Low
LP001531,Male,No,0,Graduate,No,9166,0.0,244.0,360,1,Urban,0,9166.0,High,26.620117826751038,677.7777777777778,Solo,1,Low
LP001532,Male,Yes,2,Not Graduate,No,2281,0.0,113.0,360,1,Rural,0,2281.0,Low,49.53967558088558,313.8888888888889,Solo,4,Medium
LP001535,Male,No,0,Graduate,No,3254,0.0,50.0,360,1,Urban,1,3254.0,Low,15.365703749231715,138.88888888888889,Solo,1,Medium
LP001536,Male,Yes,3+,Graduate,No,39999,0.0,600.0,180,0,Semiurban,1,39999.0,Ultra,15.000375009375235,3333.3333333333335,Solo,5,High
LP001541,Male,Yes,1,Graduate,No,6000,0.0,160.0,360,1,Rural,1,6000.0,High,26.666666666666668,444.44444444444446,Solo,3,Low
LP001543,Male,Yes,1,Graduate,No,9538,0.0,187.0,360,1,Urban,1,9538.0,High,19.605787376808554,519.4444444444445,Solo,3,Low
LP001546,Male,No,0,Graduate,No,2980,2083.0,120.0,360,1,Rural,1,5063.0,Medium,23.70136282836263,333.3333333333333,Joint,1,Low
LP001552,Male,Yes,0,Graduate,No,4583,5625.0,255.0,360,1,Semiurban,1,10208.0,Ultra,24.980407523510973,708.3333333333334,Joint,2,Low
LP001560,Male,Yes,0,Not Graduate,No,1863,1041.0,98.0,360,1,Semiurban,1,2904.0,Low,33.7465564738292,272.22222222222223,Joint,2,Medium
LP001562,Male,Yes,0,Graduate,No,7933,0.0,275.0,360,1,Urban,0,7933.0,High,34.665322072355984,763.8888888888889,Solo,2,Low
LP001565,Male,Yes,1,Graduate,No,3089,1280.0,121.0,360,0,Semiurban,0,4369.0,Medium,27.695124742504007,336.1111111111111,Joint,3,High
LP001570,Male,Yes,2,Graduate,No,4167,1447.0,158.0,360,1,Rural,1,5614.0,Medium,28.14392589953687,438.8888888888889,Joint,4,Low
LP001572,Male,Yes,0,Graduate,No,9323,0.0,75.0,180,1,Urban,1,9323.0,High,8.04462083020487,416.6666666666667,Solo,2,Low
LP001574,Male,Yes,0,Graduate,No,3707,3166.0,182.0,360,1,Rural,1,6873.0,High,26.480430670740578,505.55555555555554,Joint,2,Low
LP001577,Female,Yes,0,Graduate,No,4583,0.0,112.0,360,1,Rural,0,4583.0,Medium,24.43814095570587,311.1111111111111,Solo,2,Low
LP001578,Male,Yes,0,Graduate,No,2439,3333.0,129.0,360,1,Rural,1,5772.0,Medium,22.34927234927235,358.3333333333333,Joint,2,Low
LP001579,Male,No,0,Graduate,No,2237,0.0,63.0,480,0,Semiurban,0,2237.0,Low,28.162717925793473,131.25,Solo,1,High
LP001580,Male,Yes,2,Graduate,No,8000,0.0,200.0,360,1,Semiurban,1,8000.0,High,25.0,555.5555555555555,Solo,4,Low
LP001581,Male,Yes,0,Not Graduate,No,1820,1769.0,95.0,360,1,Rural,1,3589.0,Medium,26.469768737809975,263.8888888888889,Joint,2,Medium
LP001585,Male,Yes,3+,Graduate,No,51763,0.0,700.0,300,1,Urban,1,51763.0,Ultra,13.523172922744045,2333.3333333333335,Solo,5,Low
LP001586,Male,Yes,3+,Not Graduate,No,3522,0.0,81.0,180,1,Rural,0,3522.0,Medium,22.998296422487222,450.0,Solo,5,Medium
LP001594,Male,Yes,0,Graduate,No,5708,5625.0,187.0,360,1,Semiurban,1,11333.0,Ultra,16.500485308391422,519.4444444444445,Joint,2,Low
LP001603,Male,Yes,0,Not Graduate,Yes,4344,736.0,87.0,360,1,Semiurban,0,5080.0,Medium,17.125984251968504,241.66666666666666,Joint,2,Low
LP001606,Male,Yes,0,Graduate,No,3497,1964.0,116.0,360,1,Rural,1,5461.0,Medium,21.241530855154732,322.22222222222223,Joint,2,Low
LP001608,Male,Yes,2,Graduate,No,2045,1619.0,101.0,360,1,Rural,1,3664.0,Medium,27.565502183406114,280.55555555555554,Joint,4,Medium
LP001610,Male,Yes,3+,Graduate,No,5516,11300.0,495.0,360,0,Semiurban,0,16816.0,Ultra,29.436251189343484,1375.0,Joint,5,High
LP001616,Male,Yes,1,Graduate,No,3750,0.0,116.0,360,1,Semiurban,1,3750.0,Medium,30.933333333333334,322.22222222222223,Solo,3,Medium
LP001630,Male,No,0,Not Graduate,No,2333,1451.0,102.0,480,0,Urban,0,3784.0,Medium,26.955602536997887,212.5,Joint,1,High
LP001633,Male,Yes,1,Graduate,No,6400,7250.0,180.0,360,0,Urban,0,13650.0,Ultra,13.186813186813186,500.0,Joint,3,High
LP001634,Male,No,0,Graduate,No,1916,5063.0,67.0,360,1,Rural,0,6979.0,High,9.60022925920619,186.11111111111111,Joint,1,Low
LP001636,Male,Yes,0,Graduate,No,4600,0.0,73.0,180,1,Semiurban,1,4600.0,Medium,15.869565217391305,405.55555555555554,Solo,2,Low
LP001637,Male,Yes,1,Graduate,No,33846,0.0,260.0,360,1,Semiurban,0,33846.0,Ultra,7.68185309933227,722.2222222222222,Solo,3,Low
LP001639,Female,Yes,0,Graduate,No,3625,0.0,108.0,360,1,Semiurban,1,3625.0,Medium,29.79310344827586,300.0,Solo,2,Medium
LP001640,Male,Yes,0,Graduate,Yes,39147,4750.0,120.0,360,1,Semiurban,1,43897.0,Ultra,2.7336720049206096,333.3333333333333,Joint,2,Low
LP001641,Male,Yes,1,Graduate,Yes,2178,0.0,66.0,300,0,Rural,0,2178.0,Low,30.303030303030305,220.0,Solo,3,High
LP001643,Male,Yes,0,Graduate,No,2383,2138.0,58.0,360,1,Rural,1,4521.0,Medium,12.829020128290201,161.11111111111111,Joint,2,Low
LP001644,Male,Yes,0,Graduate,Yes,674,5296.0,168.0,360,1,Rural,1,5970.0,Medium,28.14070351758794,466.6666666666667,Joint,2,Low
LP001647,Male,Yes,0,Graduate,No,9328,0.0,188.0,180,1,Rural,1,9328.0,High,20.154373927958833,1044.4444444444443,Solo,2,Low
LP001653,Male,No,0,Not Graduate,No,4885,0.0,48.0,360,1,Rural,1,4885.0,Medium,9.825997952917094,133.33333333333334,Solo,1,Low
LP001656,Male,No,0,Graduate,No,12000,0.0,164.0,360,1,Semiurban,0,12000.0,Ultra,13.666666666666666,455.55555555555554,Solo,1,Low
LP001657,Male,Yes,0,Not Graduate,No,6033,0.0,160.0,360,1,Urban,0,6033.0,High,26.52080225426819,444.44444444444446,Solo,2,Low
LP001658,Male,No,0,Graduate,No,3858,0.0,76.0,360,1,Semiurban,1,3858.0,Medium,19.699326075686884,211.11111111111111,Solo,1,Medium
LP001664,Male,No,0,Graduate,No,4191,0.0,120.0,360,1,Rural,1,4191.0,Medium,28.63278453829635,333.3333333333333,Solo,1,Low
LP001665,Male,Yes,1,Graduate,No,3125,2583.0,170.0,360,1,Semiurban,0,5708.0,Medium,29.782761037140855,472.22222222222223,Joint,3,Low
LP001666,Male,No,0,Graduate,No,8333,3750.0,187.0,360,1,Rural,1,12083.0,Ultra,15.476289001075891,519.4444444444445,Joint,1,Low
LP001669,Female,No,0,Not Graduate,No,1907,2365.0,120.0,360,1,Urban,1,4272.0,Medium,28.089887640449437,333.3333333333333,Joint,1,Low
LP001671,Female,Yes,0,Graduate,No,3416,2816.0,113.0,360,1,Semiurban,1,6232.0,High,18.13222079589217,313.8888888888889,Joint,2,Low
LP001673,Male,No,0,Graduate,Yes,11000,0.0,83.0,360,1,Urban,0,11000.0,Ultra,7.545454545454546,230.55555555555554,Solo,1,Low
LP001674,Male,Yes,1,Not Graduate,No,2600,2500.0,90.0,360,1,Semiurban,1,5100.0,Medium,17.647058823529413,250.0,Joint,3,Low
LP001677,Male,No,2,Graduate,No,4923,0.0,166.0,360,0,Semiurban,1,4923.0,Medium,33.719276863701,461.1111111111111,Solo,3,High
LP001682,Male,Yes,3+,Not Graduate,No,3992,0.0,128.0,180,1,Urban,0,3992.0,Medium,32.06412825651302,711.1111111111111,Solo,5,Medium
LP001688,Male,Yes,1,Not Graduate,No,3500,1083.0,135.0,360,1,Urban,1,4583.0,Medium,29.456687759109755,375.0,Joint,3,Low
LP001691,Male,Yes,2,Not Graduate,No,3917,0.0,124.0,360,1,Semiurban,1,3917.0,Medium,31.65688026550932,344.44444444444446,Solo,4,Medium
LP001692,Female,No,0,Not Graduate,No,4408,0.0,120.0,360,1,Semiurban,1,4408.0,Medium,27.22323049001815,333.3333333333333,Solo,1,Low
LP001693,Female,No,0,Graduate,No,3244,0.0,80.0,360,1,Urban,1,3244.0,Low,24.66091245376079,222.22222222222223,Solo,1,Medium
LP001698,Male,No,0,Not Graduate,No,3975,2531.0,55.0,360,1,Rural,1,6506.0,High,8.453735013833384,152.77777777777777,Joint,1,Low
LP001699,Male,No,0,Graduate,No,2479,0.0,59.0,360,1,Urban,1,2479.0,Low,23.79991932230738,163.88888888888889,Solo,1,Medium
LP001702,Male,No,0,Graduate,No,3418,0.0,127.0,360,1,Semiurban,0,3418.0,Low,37.15623171445289,352.77777777777777,Solo,1,Medium
LP001708,Female,No,0,Graduate,No,10000,0.0,214.0,360,1,Semiurban,0,10000.0,Ultra,21.4,594.4444444444445,Solo,1,Low
LP001711,Male,Yes,3+,Graduate,No,3430,1250.0,128.0,360,0,Semiurban,0,4680.0,Medium,27.35042735042735,355.55555555555554,Joint,5,High
LP001713,Male,Yes,1,Graduate,Yes,7787,0.0,240.0,360,1,Urban,1,7787.0,High,30.820598433286246,666.6666666666666,Solo,3,Low
LP001715,Male,Yes,3+,Not Graduate,Yes,5703,0.0,130.0,360,1,Rural,1,5703.0,Medium,22.79502016482553,361.1111111111111,Solo,5,Low
LP001716,Male,Yes,0,Graduate,No,3173,3021.0,137.0,360,1,Urban,1,6194.0,High,22.118178882789795,380.55555555555554,Joint,2,Low
LP001720,Male,Yes,3+,Not Graduate,No,3850,983.0,100.0,360,1,Semiurban,1,4833.0,Medium,20.69108214359611,277.77777777777777,Joint,5,Low
LP001722,Male,Yes,0,Graduate,No,150,1800.0,135.0,360,1,Rural,0,1950.0,Low,69.23076923076923,375.0,Joint,2,Medium
LP001726,Male,Yes,0,Graduate,No,3727,1775.0,131.0,360,1,Semiurban,1,5502.0,Medium,23.80952380952381,363.8888888888889,Joint,2,Low
LP001732,Male,Yes,2,Graduate,No,5000,0.0,72.0,360,0,Semiurban,0,5000.0,Medium,14.4,200.0,Solo,4,High
LP001734,Female,Yes,2,Graduate,No,4283,2383.0,127.0,360,1,Semiurban,1,6666.0,High,19.05190519051905,352.77777777777777,Joint,4,Low
LP001736,Male,Yes,0,Graduate,No,2221,0.0,60.0,360,0,Urban,0,2221.0,Low,27.014858171994597,166.66666666666666,Solo,2,High
LP001743,Male,Yes,2,Graduate,No,4009,1717.0,116.0,360,1,Semiurban,1,5726.0,Medium,20.258470136220748,322.22222222222223,Joint,4,Low
LP001744,Male,No,0,Graduate,No,2971,2791.0,144.0,360,1,Semiurban,1,5762.0,Medium,24.99132245748004,400.0,Joint,1,Low
LP001749,Male,Yes,0,Graduate,No,7578,1010.0,175.0,360,1,Semiurban,1,8588.0,High,20.3772706101537,486.1111111111111,Joint,2,Low
LP001750,Male,Yes,0,Graduate,No,6250,0.0,128.0,360,1,Semiurban,1,6250.0,High,20.48,355.55555555555554,Solo,2,Low
LP001751,Male,Yes,0,Graduate,No,3250,0.0,170.0,360,1,Rural,0,3250.0,Low,52.30769230769231,472.22222222222223,Solo,2,Medium
LP001754,Male,Yes,0,Not Graduate,Yes,4735,0.0,138.0,360,1,Urban,0,4735.0,Medium,29.14466737064414,383.3333333333333,Solo,2,Low
LP001758,Male,Yes,2,Graduate,No,6250,1695.0,210.0,360,1,Semiurban,1,7945.0,High,26.431718061674008,583.3333333333334,Joint,4,Low
LP001760,Male,Yes,0,Graduate,No,4758,0.0,158.0,480,1,Semiurban,1,4758.0,Medium,33.2072299285414,329.1666666666667,Solo,2,Low
LP001761,Male,No,0,Graduate,Yes,6400,0.0,200.0,360,1,Rural,1,6400.0,High,31.25,555.5555555555555,Solo,1,Low
LP001765,Male,Yes,1,Graduate,No,2491,2054.0,104.0,360,1,Semiurban,1,4545.0,Medium,22.882288228822883,288.8888888888889,Joint,3,Low
LP001768,Male,Yes,0,Graduate,No,3716,0.0,42.0,180,1,Rural,1,3716.0,Medium,11.302475780409042,233.33333333333334,Solo,2,Medium
LP001770,Male,No,0,Not Graduate,No,3189,2598.0,120.0,360,1,Rural,1,5787.0,Medium,20.73613271124935,333.3333333333333,Joint,1,Low
LP001776,Female,No,0,Graduate,No,8333,0.0,280.0,360,1,Semiurban,1,8333.0,High,33.60134405376215,777.7777777777778,Solo,1,Low
LP001778,Male,Yes,1,Graduate,No,3155,1779.0,140.0,360,1,Semiurban,1,4934.0,Medium,28.37454398054317,388.8888888888889,Joint,3,Low
LP001784,Male,Yes,1,Graduate,No,5500,1260.0,170.0,360,1,Rural,1,6760.0,High,25.14792899408284,472.22222222222223,Joint,3,Low
LP001786,Male,Yes,0,Graduate,No,5746,0.0,255.0,360,1,Urban,0,5746.0,Medium,44.37869822485207,708.3333333333334,Solo,2,Low
LP001788,Female,No,0,Graduate,Yes,3463,0.0,122.0,360,1,Urban,1,3463.0,Low,35.229569737222064,338.8888888888889,Solo,1,Medium
LP001790,Female,No,1,Graduate,No,3812,0.0,112.0,360,1,Rural,1,3812.0,Medium,29.38090241343127,311.1111111111111,Solo,2,Medium
LP001792,Male,Yes,1,Graduate,No,3315,0.0,96.0,360,1,Semiurban,1,3315.0,Low,28.959276018099548,266.6666666666667,Solo,3,Medium
LP001798,Male,Yes,2,Graduate,No,5819,5000.0,120.0,360,1,Rural,1,10819.0,Ultra,11.09159811442832,333.3333333333333,Joint,4,Low
LP001800,Male,Yes,1,Not Graduate,No,2510,1983.0,140.0,180,1,Urban,0,4493.0,Medium,31.159581571333185,777.7777777777778,Joint,3,Low
LP001806,Male,No,0,Graduate,No,2965,5701.0,155.0,60,1,Urban,1,8666.0,High,17.88599123009462,2583.3333333333335,Joint,1,Low
LP001807,Male,Yes,2,Graduate,Yes,6250,1300.0,108.0,360,1,Rural,1,7550.0,High,14.304635761589404,300.0,Joint,4,Low
LP001811,Male,Yes,0,Not Graduate,No,3406,4417.0,123.0,360,1,Semiurban,1,7823.0,High,15.722868464783332,341.6666666666667,Joint,2,Low
LP001813,Male,No,0,Graduate,Yes,6050,4333.0,120.0,180,1,Urban,0,10383.0,Ultra,11.557353366079168,666.6666666666666,Joint,1,Low
LP001814,Male,Yes,2,Graduate,No,9703,0.0,112.0,360,1,Urban,1,9703.0,High,11.542821807688345,311.1111111111111,Solo,4,Low
LP001819,Male,Yes,1,Not Graduate,No,6608,0.0,137.0,180,1,Urban,1,6608.0,High,20.732445520581113,761.1111111111111,Solo,3,Low
LP001824,Male,Yes,1,Graduate,No,2882,1843.0,123.0,480,1,Semiurban,1,4725.0,Medium,26.03174603174603,256.25,Joint,3,Low
LP001825,Male,Yes,0,Graduate,No,1809,1868.0,90.0,360,1,Urban,1,3677.0,Medium,24.476475387544195,250.0,Joint,2,Medium
LP001835,Male,Yes,0,Not Graduate,No,1668,3890.0,201.0,360,0,Semiurban,0,5558.0,Medium,36.1640878013674,558.3333333333334,Joint,2,High
LP001836,Female,No,2,Graduate,No,3427,0.0,138.0,360,1,Urban,0,3427.0,Low,40.26845637583892,383.3333333333333,Solo,3,Medium
LP001841,Male,No,0,Not Graduate,Yes,2583,2167.0,104.0,360,1,Rural,1,4750.0,Medium,21.894736842105264,288.8888888888889,Joint,1,Low
LP001843,Male,Yes,1,Not Graduate,No,2661,7101.0,279.0,180,1,Semiurban,1,9762.0,High,28.58020897357099,1550.0,Joint,3,Low
LP001844,Male,No,0,Graduate,Yes,16250,0.0,192.0,360,0,Urban,0,16250.0,Ultra,11.815384615384616,533.3333333333334,Solo,1,High
LP001846,Female,No,3+,Graduate,No,3083,0.0,255.0,360,1,Rural,1,3083.0,Low,82.71164450210834,708.3333333333334,Solo,4,Medium
LP001849,Male,No,0,Not Graduate,No,6045,0.0,115.0,360,0,Rural,0,6045.0,High,19.02398676592225,319.44444444444446,Solo,1,High
LP001854,Male,Yes,3+,Graduate,No,5250,0.0,94.0,360,1,Urban,0,5250.0,Medium,17.904761904761905,261.1111111111111,Solo,5,Low
LP001859,Male,Yes,0,Graduate,No,14683,2100.0,304.0,360,1,Rural,0,16783.0,Ultra,18.113567300244295,844.4444444444445,Joint,2,Low
LP001864,Male,Yes,3+,Not Graduate,No,4931,0.0,128.0,360,1,Semiurban,0,4931.0,Medium,25.958223484080307,355.55555555555554,Solo,5,Low
LP001865,Male,Yes,1,Graduate,No,6083,4250.0,330.0,360,1,Urban,1,10333.0,Ultra,31.93651408109939,916.6666666666666,Joint,3,Low
LP001868,Male,No,0,Graduate,No,2060,2209.0,134.0,360,1,Semiurban,1,4269.0,Medium,31.389084094635745,372.22222222222223,Joint,1,Low
LP001870,Female,No,1,Graduate,No,3481,0.0,155.0,36,1,Semiurban,0,3481.0,Low,44.52743464521689,4305.555555555556,Solo,2,Medium
LP001871,Female,No,0,Graduate,No,7200,0.0,120.0,360,1,Rural,1,7200.0,High,16.666666666666668,333.3333333333333,Solo,1,Low
LP001872,Male,No,0,Graduate,Yes,5166,0.0,128.0,360,1,Semiurban,1,5166.0,Medium,24.77739063104917,355.55555555555554,Solo,1,Low
LP001875,Male,No,0,Graduate,No,4095,3447.0,151.0,360,1,Rural,1,7542.0,High,20.02121453195439,419.44444444444446,Joint,1,Low
LP001877,Male,Yes,2,Graduate,No,4708,1387.0,150.0,360,1,Semiurban,1,6095.0,High,24.61033634126333,416.6666666666667,Joint,4,Low
LP001882,Male,Yes,3+,Graduate,No,4333,1811.0,160.0,360,0,Urban,1,6144.0,High,26.041666666666668,444.44444444444446,Joint,5,High
LP001883,Female,No,0,Graduate,No,3418,0.0,135.0,360,1,Rural,0,3418.0,Low,39.496781743709775,375.0,Solo,1,Medium
LP001884,Female,No,1,Graduate,No,2876,1560.0,90.0,360,1,Urban,1,4436.0,Medium,20.288548241659154,250.0,Joint,2,Low
LP001888,Female,No,0,Graduate,No,3237,0.0,30.0,360,1,Urban,1,3237.0,Low,9.267840593141798,83.33333333333333,Solo,1,Medium
LP001891,Male,Yes,0,Graduate,No,11146,0.0,136.0,360,1,Urban,1,11146.0,Ultra,12.201686703750225,377.77777777777777,Solo,2,Low
LP001892,Male,No,0,Graduate,No,2833,1857.0,126.0,360,1,Rural,1,4690.0,Medium,26.865671641791046,350.0,Joint,1,Low
LP001894,Male,Yes,0,Graduate,No,2620,2223.0,150.0,360,1,Semiurban,1,4843.0,Medium,30.97253768325418,416.6666666666667,Joint,2,Low
LP001896,Male,Yes,2,Graduate,No,3900,0.0,90.0,360,1,Semiurban,1,3900.0,Medium,23.076923076923077,250.0,Solo,4,Medium
LP001900,Male,Yes,1,Graduate,No,2750,1842.0,115.0,360,1,Semiurban,1,4592.0,Medium,25.04355400696864,319.44444444444446,Joint,3,Low
LP001903,Male,Yes,0,Graduate,No,3993,3274.0,207.0,360,1,Semiurban,1,7267.0,High,28.48493188385854,575.0,Joint,2,Low
LP001904,Male,Yes,0,Graduate,No,3103,1300.0,80.0,360,1,Urban,1,4403.0,Medium,18.169429934135817,222.22222222222223,Joint,2,Low
LP001907,Male,Yes,0,Graduate,No,14583,0.0,436.0,360,1,Semiurban,1,14583.0,Ultra,29.89782623602825,1211.111111111111,Solo,2,Low
LP001908,Female,Yes,0,Not Graduate,No,4100,0.0,124.0,360,1,Rural,1,4100.0,Medium,30.24390243902439,344.44444444444446,Solo,2,Low
LP001910,Male,No,1,Not Graduate,Yes,4053,2426.0,158.0,360,0,Urban,0,6479.0,High,24.386479394968358,438.8888888888889,Joint,2,High
LP001914,Male,Yes,0,Graduate,No,3927,800.0,112.0,360,1,Semiurban,1,4727.0,Medium,23.6936746350751,311.1111111111111,Joint,2,Low
LP001915,Male,Yes,2,Graduate,No,2301,985.7999878,78.0,180,1,Urban,1,3286.7999878,Low,23.731288879615956,433.3333333333333,Joint,4,Medium
LP001917,Female,No,0,Graduate,No,1811,1666.0,54.0,360,1,Urban,1,3477.0,Low,15.530629853321829,150.0,Joint,1,Medium
LP001922,Male,Yes,0,Graduate,No,20667,0.0,128.0,360,1,Rural,0,20667.0,Ultra,6.193448492766246,355.55555555555554,Solo,2,Low
LP001924,Male,No,0,Graduate,No,3158,3053.0,89.0,360,1,Rural,1,6211.0,High,14.329415553051039,247.22222222222223,Joint,1,Low
LP001925,Female,No,0,Graduate,Yes,2600,1717.0,99.0,300,1,Semiurban,0,4317.0,Medium,22.932592077831828,330.0,Joint,1,Low
LP001926,Male,Yes,0,Graduate,No,3704,2000.0,120.0,360,1,Rural,1,5704.0,Medium,21.037868162692845,333.3333333333333,Joint,2,Low
LP001931,Female,No,0,Graduate,No,4124,0.0,115.0,360,1,Semiurban,1,4124.0,Medium,27.885548011639184,319.44444444444446,Solo,1,Low
LP001935,Male,No,0,Graduate,No,9508,0.0,187.0,360,1,Rural,1,9508.0,High,19.667648296171645,519.4444444444445,Solo,1,Low
LP001936,Male,Yes,0,Graduate,No,3075,2416.0,139.0,360,1,Rural,1,5491.0,Medium,25.314150427973047,386.1111111111111,Joint,2,Low
LP001938,Male,Yes,2,Graduate,No,4400,0.0,127.0,360,0,Semiurban,0,4400.0,Medium,28.863636363636363,352.77777777777777,Solo,4,High
LP001940,Male,Yes,2,Graduate,No,3153,1560.0,134.0,360,1,Urban,1,4713.0,Medium,28.431996605134735,372.22222222222223,Joint,4,Low
LP001945,Female,No,0,Graduate,No,5417,0.0,143.0,480,0,Urban,0,5417.0,Medium,26.398375484585564,297.9166666666667,Solo,1,High
LP001947,Male,Yes,0,Graduate,No,2383,3334.0,172.0,360,1,Semiurban,1,5717.0,Medium,30.085709288088157,477.77777777777777,Joint,2,Low
LP001949,Male,Yes,3+,Graduate,No,4416,1250.0,110.0,360,1,Urban,1,5666.0,Medium,19.41404871161313,305.55555555555554,Joint,5,Low
LP001953,Male,Yes,1,Graduate,No,6875,0.0,200.0,360,1,Semiurban,1,6875.0,High,29.09090909090909,555.5555555555555,Solo,3,Low
LP001954,Female,Yes,1,Graduate,No,4666,0.0,135.0,360,1,Urban,1,4666.0,Medium,28.932704672096015,375.0,Solo,3,Low
LP001955,Female,No,0,Graduate,No,5000,2541.0,151.0,480,1,Rural,0,7541.0,High,20.023869513327146,314.5833333333333,Joint,1,Low
LP001963,Male,Yes,1,Graduate,No,2014,2925.0,113.0,360,1,Urban,0,4939.0,Medium,22.87912532901397,313.8888888888889,Joint,3,Low
LP001964,Male,Yes,0,Not Graduate,No,1800,2934.0,93.0,360,0,Urban,0,4734.0,Medium,19.64512040557668,258.3333333333333,Joint,2,High
LP001972,Male,Yes,0,Not Graduate,No,2875,1750.0,105.0,360,1,Semiurban,1,4625.0,Medium,22.7027027027027,291.6666666666667,Joint,2,Low
LP001974,Female,No,0,Graduate,No,5000,0.0,132.0,360,1,Rural,1,5000.0,Medium,26.4,366.6666666666667,Solo,1,Low
LP001977,Male,Yes,1,Graduate,No,1625,1803.0,96.0,360,1,Urban,1,3428.0,Low,28.004667444574096,266.6666666666667,Joint,3,Medium
LP001978,Male,No,0,Graduate,No,4000,2500.0,140.0,360,1,Rural,1,6500.0,High,21.53846153846154,388.8888888888889,Joint,1,Low
LP001990,Male,No,0,Not Graduate,No,2000,0.0,128.0,360,1,Urban,0,2000.0,Low,64.0,355.55555555555554,Solo,1,Medium
LP001993,Female,No,0,Graduate,No,3762,1666.0,135.0,360,1,Rural,1,5428.0,Medium,24.871039056742816,375.0,Joint,1,Low
LP001994,Female,No,0,Graduate,No,2400,1863.0,104.0,360,0,Urban,0,4263.0,Medium,24.39596528266479,288.8888888888889,Joint,1,High
LP001996,Male,No,0,Graduate,No,20233,0.0,480.0,360,1,Rural,0,20233.0,Ultra,23.72361982899224,1333.3333333333333,Solo,1,Low
LP001998,Male,Yes,2,Not Graduate,No,7667,0.0,185.0,360,1,Rural,1,7667.0,High,24.129385678883526,513.8888888888889,Solo,4,Low
LP002002,Female,No,0,Graduate,No,2917,0.0,84.0,360,1,Semiurban,1,2917.0,Low,28.79670894754885,233.33333333333334,Solo,1,Medium
LP002004,Male,No,0,Not Graduate,No,2927,2405.0,111.0,360,1,Semiurban,1,5332.0,Medium,20.817704426106527,308.3333333333333,Joint,1,Low
LP002006,Female,No,0,Graduate,No,2507,0.0,56.0,360,1,Rural,1,2507.0,Low,22.337455125648184,155.55555555555554,Solo,1,Medium
LP002008,Male,Yes,2,Graduate,Yes,5746,0.0,144.0,84,1,Rural,1,5746.0,Medium,25.06091193873999,1714.2857142857142,Solo,4,Low
LP002024,Male,Yes,0,Graduate,No,2473,1843.0,159.0,360,1,Rural,0,4316.0,Medium,36.83966635773864,441.6666666666667,Joint,2,Low
LP002031,Male,Yes,1,Not Graduate,No,3399,1640.0,111.0,180,1,Urban,1,5039.0,Medium,22.02818019448303,616.6666666666666,Joint,3,Low
LP002035,Male,Yes,2,Graduate,No,3717,0.0,120.0,360,1,Semiurban,1,3717.0,Medium,32.28410008071025,333.3333333333333,Solo,4,Medium
LP002036,Male,Yes,0,Graduate,No,2058,2134.0,88.0,360,1,Urban,1,4192.0,Medium,20.99236641221374,244.44444444444446,Joint,2,Low
LP002043,Female,No,1,Graduate,No,3541,0.0,112.0,360,1,Semiurban,1,3541.0,Medium,31.62948319683705,311.1111111111111,Solo,2,Medium
LP002050,Male,Yes,1,Graduate,Yes,10000,0.0,155.0,360,1,Rural,0,10000.0,Ultra,15.5,430.55555555555554,Solo,3,Low
LP002051,Male,Yes,0,Graduate,No,2400,2167.0,115.0,360,1,Semiurban,1,4567.0,Medium,25.180643748631486,319.44444444444446,Joint,2,Low
LP002053,Male,Yes,3+,Graduate,No,4342,189.0,124.0,360,1,Semiurban,1,4531.0,Medium,27.367027146325313,344.44444444444446,Joint,5,Low
LP002054,Male,Yes,2,Not Graduate,No,3601,1590.0,128.0,360,1,Rural,1,5191.0,Medium,24.658062030437296,355.55555555555554,Joint,4,Low
LP002055,Female,No,0,Graduate,No,3166,2985.0,132.0,360,1,Rural,1,6151.0,High,21.459925215412127,366.6666666666667,Joint,1,Low
LP002065,Male,Yes,3+,Graduate,No,15000,0.0,300.0,360,1,Rural,1,15000.0,Ultra,20.0,833.3333333333334,Solo,5,Low
LP002067,Male,Yes,1,Graduate,Yes,8666,4983.0,376.0,360,0,Rural,0,13649.0,Ultra,27.547805700051285,1044.4444444444443,Joint,3,High
LP002068,Male,No,0,Graduate,No,4917,0.0,130.0,360,0,Rural,1,4917.0,Medium,26.438885499288183,361.1111111111111,Solo,1,High
LP002082,Male,Yes,0,Graduate,Yes,5818,2160.0,184.0,360,1,Semiurban,1,7978.0,High,23.063424417147154,511.1111111111111,Joint,2,Low
LP002086,Female,Yes,0,Graduate,No,4333,2451.0,110.0,360,1,Urban,0,6784.0,High,16.214622641509433,305.55555555555554,Joint,2,Low
LP002087,Female,No,0,Graduate,No,2500,0.0,67.0,360,1,Urban,1,2500.0,Low,26.8,186.11111111111111,Solo,1,Medium
LP002097,Male,No,1,Graduate,No,4384,1793.0,117.0,360,1,Urban,1,6177.0,High,18.94123360854784,325.0,Joint,2,Low
LP002098,Male,No,0,Graduate,No,2935,0.0,98.0,360,1,Semiurban,1,2935.0,Low,33.3901192504259,272.22222222222223,Solo,1,Medium
LP002100,Male,No,0,Graduate,No,2833,0.0,71.0,360,1,Urban,1,2833.0,Low,25.061771973173315,197.22222222222223,Solo,1,Medium
LP002101,Male,Yes,0,Graduate,No,63337,0.0,490.0,180,1,Urban,1,63337.0,Ultra,7.7363942087563355,2722.222222222222,Solo,2,Low
LP002103,Male,Yes,1,Graduate,Yes,9833,1833.0,182.0,180,1,Urban,1,11666.0,Ultra,15.600891479513114,1011.1111111111111,Joint,3,Low
LP002106,Male,Yes,0,Graduate,Yes,5503,4490.0,70.0,360,1,Semiurban,1,9993.0,High,7.004903432402682,194.44444444444446,Joint,2,Low
LP002110,Male,Yes,1,Graduate,No,5250,688.0,160.0,360,1,Rural,1,5938.0,Medium,26.94509936005389,444.44444444444446,Joint,3,Low
LP002112,Male,Yes,2,Graduate,Yes,2500,4600.0,176.0,360,1,Rural,1,7100.0,High,24.788732394366196,488.8888888888889,Joint,4,Low
LP002113,Female,No,3+,Not Graduate,No,1830,0.0,128.0,360,0,Urban,0,1830.0,Low,69.94535519125684,355.55555555555554,Solo,4,High
LP002114,Female,No,0,Graduate,No,4160,0.0,71.0,360,1,Semiurban,1,4160.0,Medium,17.067307692307693,197.22222222222223,Solo,1,Low
LP002115,Male,Yes,3+,Not Graduate,No,2647,1587.0,173.0,360,1,Rural,0,4234.0,Medium,40.859707132735004,480.55555555555554,Joint,5,Low
LP002116,Female,No,0,Graduate,No,2378,0.0,46.0,360,1,Rural,0,2378.0,Low,19.343986543313708,127.77777777777777,Solo,1,Medium
LP002119,Male,Yes,1,Not Graduate,No,4554,1229.0,158.0,360,1,Urban,1,5783.0,Medium,27.3214594501124,438.8888888888889,Joint,3,Low
LP002126,Male,Yes,3+,Not Graduate,No,3173,0.0,74.0,360,1,Semiurban,1,3173.0,Low,23.321777497636305,205.55555555555554,Solo,5,Medium
LP002128,Male,Yes,2,Graduate,No,2583,2330.0,125.0,360,1,Rural,1,4913.0,Medium,25.4427030327702,347.22222222222223,Joint,4,Low
LP002129,Male,Yes,0,Graduate,No,2499,2458.0,160.0,360,1,Semiurban,1,4957.0,Medium,32.27758725035304,444.44444444444446,Joint,2,Low
LP002130,Male,Yes,0,Not Graduate,No,3523,3230.0,152.0,360,0,Rural,0,6753.0,High,22.50851473419221,422.22222222222223,Joint,2,High
LP002131,Male,Yes,2,Not Graduate,No,3083,2168.0,126.0,360,1,Urban,1,5251.0,Medium,23.995429442011044,350.0,Joint,4,Low
LP002137,Male,Yes,0,Graduate,No,6333,4583.0,259.0,360,1,Semiurban,1,10916.0,Ultra,23.72663979479663,719.4444444444445,Joint,2,Low
LP002138,Male,Yes,0,Graduate,No,2625,6250.0,187.0,360,1,Rural,1,8875.0,High,21.070422535211268,519.4444444444445,Joint,2,Low
LP002139,Male,Yes,0,Graduate,No,9083,0.0,228.0,360,1,Semiurban,1,9083.0,High,25.101838599581637,633.3333333333334,Solo,2,Low
LP002140,Male,No,0,Graduate,No,8750,4167.0,308.0,360,1,Rural,0,12917.0,Ultra,23.84454594720136,855.5555555555555,Joint,1,Low
LP002141,Male,Yes,3+,Graduate,No,2666,2083.0,95.0,360,1,Rural,1,4749.0,Medium,20.00421141292904,263.8888888888889,Joint,5,Low
LP002142,Female,Yes,0,Graduate,Yes,5500,0.0,105.0,360,0,Rural,0,5500.0,Medium,19.09090909090909,291.6666666666667,Solo,2,High
LP002143,Female,Yes,0,Graduate,No,2423,505.0,130.0,360,1,Semiurban,1,2928.0,Low,44.39890710382514,361.1111111111111,Joint,2,Medium
LP002144,Female,No,0,Graduate,No,3813,0.0,116.0,180,1,Urban,1,3813.0,Medium,30.42223970626803,644.4444444444445,Solo,1,Medium
LP002149,Male,Yes,2,Graduate,No,8333,3167.0,165.0,360,1,Rural,1,11500.0,Ultra,14.347826086956522,458.3333333333333,Joint,4,Low
LP002151,Male,Yes,1,Graduate,No,3875,0.0,67.0,360,1,Urban,0,3875.0,Medium,17.29032258064516,186.11111111111111,Solo,3,Medium
LP002158,Male,Yes,0,Not Graduate,No,3000,1666.0,100.0,480,0,Urban,0,4666.0,Medium,21.43163309044149,208.33333333333334,Joint,2,High
LP002160,Male,Yes,3+,Graduate,No,5167,3167.0,200.0,360,1,Semiurban,1,8334.0,High,23.99808015358771,555.5555555555555,Joint,5,Low
LP002161,Female,No,1,Graduate,No,4723,0.0,81.0,360,1,Semiurban,0,4723.0,Medium,17.150116451408003,225.0,Solo,2,Low
LP002170,Male,Yes,2,Graduate,No,5000,3667.0,236.0,360,1,Semiurban,1,8667.0,High,27.229721933771778,655.5555555555555,Joint,4,Low
LP002175,Male,Yes,0,Graduate,No,4750,2333.0,130.0,360,1,Urban,1,7083.0,High,18.353804884935762,361.1111111111111,Joint,2,Low
LP002178,Male,Yes,0,Graduate,No,3013,3033.0,95.0,300,1,Urban,1,6046.0,High,15.7128680119087,316.6666666666667,Joint,2,Low
LP002180,Male,No,0,Graduate,Yes,6822,0.0,141.0,360,1,Rural,1,6822.0,High,20.668425681618295,391.6666666666667,Solo,1,Low
LP002181,Male,No,0,Not Graduate,No,6216,0.0,133.0,360,1,Rural,0,6216.0,High,21.396396396396398,369.44444444444446,Solo,1,Low
LP002187,Male,No,0,Graduate,No,2500,0.0,96.0,480,1,Semiurban,0,2500.0,Low,38.4,200.0,Solo,1,Medium
LP002188,Male,No,0,Graduate,No,5124,0.0,124.0,360,0,Rural,0,5124.0,Medium,24.19984387197502,344.44444444444446,Solo,1,High
LP002190,Male,Yes,1,Graduate,No,6325,0.0,175.0,360,1,Semiurban,1,6325.0,High,27.66798418972332,486.1111111111111,Solo,3,Low
LP002191,Male,Yes,0,Graduate,No,19730,5266.0,570.0,360,1,Rural,0,24996.0,Ultra,22.803648583773402,1583.3333333333333,Joint,2,Low
LP002194,Female,No,0,Graduate,Yes,15759,0.0,55.0,360,1,Semiurban,1,15759.0,Ultra,3.490069166825306,152.77777777777777,Solo,1,Low
LP002197,Male,Yes,2,Graduate,No,5185,0.0,155.0,360,1,Semiurban,1,5185.0,Medium,29.893924783027966,430.55555555555554,Solo,4,Low
LP002201,Male,Yes,2,Graduate,Yes,9323,7873.0,380.0,300,1,Rural,1,17196.0,Ultra,22.09816236334031,1266.6666666666667,Joint,4,Low
LP002205,Male,No,1,Graduate,No,3062,1987.0,111.0,180,0,Urban,0,5049.0,Medium,21.984551396316103,616.6666666666666,Joint,2,High
LP002209,Female,No,0,Graduate,No,2764,1459.0,110.0,360,1,Urban,1,4223.0,Medium,26.04783329386692,305.55555555555554,Joint,1,Low
LP002211,Male,Yes,0,Graduate,No,4817,923.0,120.0,180,1,Urban,1,5740.0,Medium,20.905923344947734,666.6666666666666,Joint,2,Low
LP002219,Male,Yes,3+,Graduate,No,8750,4996.0,130.0,360,1,Rural,1,13746.0,Ultra,9.457296668121636,361.1111111111111,Joint,5,Low
LP002223,Male,Yes,0,Graduate,No,4310,0.0,130.0,360,1,Semiurban,1,4310.0,Medium,30.162412993039442,361.1111111111111,Solo,2,Low
LP002224,Male,No,0,Graduate,No,3069,0.0,71.0,480,1,Urban,0,3069.0,Low,23.134571521668295,147.91666666666666,Solo,1,Medium
LP002225,Male,Yes,2,Graduate,No,5391,0.0,130.0,360,1,Urban,1,5391.0,Medium,24.114264514932295,361.1111111111111,Solo,4,Low
LP002226,Male,Yes,0,Graduate,No,3333,2500.0,128.0,360,1,Semiurban,1,5833.0,Medium,21.944111092062403,355.55555555555554,Joint,2,Low
LP002229,Male,No,0,Graduate,No,5941,4232.0,296.0,360,1,Semiurban,1,10173.0,Ultra,29.096628329892855,822.2222222222222,Joint,1,Low
LP002231,Female,No,0,Graduate,No,6000,0.0,156.0,360,1,Urban,1,6000.0,High,26.0,433.3333333333333,Solo,1,Low
LP002234,Male,No,0,Graduate,Yes,7167,0.0,128.0,360,1,Urban,1,7167.0,High,17.859634435607646,355.55555555555554,Solo,1,Low
LP002236,Male,Yes,2,Graduate,No,4566,0.0,100.0,360,1,Urban,0,4566.0,Medium,21.901007446342533,277.77777777777777,Solo,4,Low
LP002237,Male,No,1,Graduate,No,3667,0.0,113.0,180,1,Urban,1,3667.0,Medium,30.815380419961823,627.7777777777778,Solo,2,Medium
LP002239,Male,No,0,Not Graduate,No,2346,1600.0,132.0,360,1,Semiurban,1,3946.0,Medium,33.45159655347187,366.6666666666667,Joint,1,Medium
LP002243,Male,Yes,0,Not Graduate,No,3010,3136.0,128.0,360,0,Urban,0,6146.0,High,20.826553856166612,355.55555555555554,Joint,2,High
LP002244,Male,Yes,0,Graduate,No,2333,2417.0,136.0,360,1,Urban,1,4750.0,Medium,28.63157894736842,377.77777777777777,Joint,2,Low
LP002250,Male,Yes,0,Graduate,No,5488,0.0,125.0,360,1,Rural,1,5488.0,Medium,22.776967930029155,347.22222222222223,Solo,2,Low
LP002255,Male,No,3+,Graduate,No,9167,0.0,185.0,360,1,Rural,1,9167.0,High,20.18108432420639,513.8888888888889,Solo,4,Low
LP002262,Male,Yes,3+,Graduate,No,9504,0.0,275.0,360,1,Rural,1,9504.0,High,28.935185185185187,763.8888888888889,Solo,5,Low
LP002263,Male,Yes,0,Graduate,No,2583,2115.0,120.0,360,1,Urban,1,4698.0,Medium,25.54278416347382,333.3333333333333,Joint,2,Low
LP002265,Male,Yes,2,Not Graduate,No,1993,1625.0,113.0,180,1,Semiurban,1,3618.0,Medium,31.232725262576007,627.7777777777778,Joint,4,Medium
LP002266,Male,Yes,2,Graduate,No,3100,1400.0,113.0,360,1,Urban,1,4500.0,Medium,25.11111111111111,313.8888888888889,Joint,4,Low
LP002272,Male,Yes,2,Graduate,No,3276,484.0,135.0,360,1,Semiurban,1,3760.0,Medium,35.90425531914894,375.0,Joint,4,Medium
LP002277,Female,No,0,Graduate,No,3180,0.0,71.0,360,0,Urban,0,3180.0,Low,22.32704402515723,197.22222222222223,Solo,1,High
LP002281,Male,Yes,0,Graduate,No,3033,1459.0,95.0,360,1,Urban,1,4492.0,Medium,21.148708815672308,263.8888888888889,Joint,2,Low
LP002284,Male,No,0,Not Graduate,No,3902,1666.0,109.0,360,1,Rural,1,5568.0,Medium,19.576149425287355,302.77777777777777,Joint,1,Low
LP002287,Female,No,0,Graduate,No,1500,1800.0,103.0,360,0,Semiurban,0,3300.0,Low,31.21212121212121,286.1111111111111,Joint,1,High
LP002288,Male,Yes,2,Not Graduate,No,2889,0.0,45.0,180,0,Urban,0,2889.0,Low,15.576323987538942,250.0,Solo,4,High
LP002296,Male,No,0,Not Graduate,No,2755,0.0,65.0,300,1,Rural,0,2755.0,Low,23.593466424682397,216.66666666666666,Solo,1,Medium
LP002297,Male,No,0,Graduate,No,2500,20000.0,103.0,360,1,Semiurban,1,22500.0,Ultra,4.5777777777777775,286.1111111111111,Joint,1,Low
LP002300,Female,No,0,Not Graduate,No,1963,0.0,53.0,360,1,Semiurban,1,1963.0,Low,26.999490575649517,147.22222222222223,Solo,1,Medium
LP002301,Female,No,0,Graduate,Yes,7441,0.0,194.0,360,1,Rural,0,7441.0,High,26.071764547775835,538.8888888888889,Solo,1,Low
LP002305,Female,No,0,Graduate,No,4547,0.0,115.0,360,1,Semiurban,1,4547.0,Medium,25.29140092368595,319.44444444444446,Solo,1,Low
LP002308,Male,Yes,0,Not Graduate,No,2167,2400.0,115.0,360,1,Urban,1,4567.0,Medium,25.180643748631486,319.44444444444446,Joint,2,Low
LP002314,Female,No,0,Not Graduate,No,2213,0.0,66.0,360,1,Rural,1,2213.0,Low,29.8237686398554,183.33333333333334,Solo,1,Medium
LP002315,Male,Yes,1,Graduate,No,8300,0.0,152.0,300,0,Semiurban,0,8300.0,High,18.313253012048193,506.6666666666667,Solo,3,High
LP002317,Male,Yes,3+,Graduate,No,81000,0.0,360.0,360,0,Rural,0,81000.0,Ultra,4.444444444444445,1000.0,Solo,5,High
LP002318,Female,No,1,Not Graduate,Yes,3867,0.0,62.0,360,1,Semiurban,0,3867.0,Medium,16.03310059477631,172.22222222222223,Solo,2,Medium
LP002319,Male,Yes,0,Graduate,No,6256,0.0,160.0,360,1,Urban,1,6256.0,High,25.575447570332482,444.44444444444446,Solo,2,Low
LP002328,Male,Yes,0,Not Graduate,No,6096,0.0,218.0,360,0,Rural,0,6096.0,High,35.76115485564304,605.5555555555555,Solo,2,High
LP002332,Male,Yes,0,Not Graduate,No,2253,2033.0,110.0,360,1,Rural,1,4286.0,Medium,25.664955669622024,305.55555555555554,Joint,2,Low
LP002335,Female,Yes,0,Not Graduate,No,2149,3237.0,178.0,360,0,Semiurban,0,5386.0,Medium,33.04864463423691,494.44444444444446,Joint,2,High
LP002337,Female,No,0,Graduate,No,2995,0.0,60.0,360,1,Urban,1,2995.0,Low,20.03338898163606,166.66666666666666,Solo,1,Medium
LP002341,Female,No,1,Graduate,No,2600,0.0,160.0,360,1,Urban,0,2600.0,Low,61.53846153846154,444.44444444444446,Solo,2,Medium
LP002342,Male,Yes,2,Graduate,Yes,1600,20000.0,239.0,360,1,Urban,0,21600.0,Ultra,11.064814814814815,663.8888888888889,Joint,4,Low
LP002345,Male,Yes,0,Graduate,No,1025,2773.0,112.0,360,1,Rural,1,3798.0,Medium,29.48920484465508,311.1111111111111,Joint,2,Medium
LP002347,Male,Yes,0,Graduate,No,3246,1417.0,138.0,360,1,Semiurban,1,4663.0,Medium,29.59468153549217,383.3333333333333,Joint,2,Low
LP002348,Male,Yes,0,Graduate,No,5829,0.0,138.0,360,1,Rural,1,5829.0,Medium,23.674729799279465,383.3333333333333,Solo,2,Low
LP002357,Female,No,0,Not Graduate,No,2720,0.0,80.0,360,0,Urban,0,2720.0,Low,29.41176470588235,222.22222222222223,Solo,1,High
LP002361,Male,Yes,0,Graduate,No,1820,1719.0,100.0,360,1,Urban,1,3539.0,Medium,28.256569652444192,277.77777777777777,Joint,2,Medium
LP002362,Male,Yes,1,Graduate,No,7250,1667.0,110.0,360,0,Urban,0,8917.0,High,12.33598743972188,305.55555555555554,Joint,3,High
LP002364,Male,Yes,0,Graduate,No,14880,0.0,96.0,360,1,Semiurban,1,14880.0,Ultra,6.451612903225806,266.6666666666667,Solo,2,Low
LP002366,Male,Yes,0,Graduate,No,2666,4300.0,121.0,360,1,Rural,1,6966.0,High,17.37008326155613,336.1111111111111,Joint,2,Low
LP002367,Female,No,1,Not Graduate,No,4606,0.0,81.0,360,1,Rural,0,4606.0,Medium,17.585757707338253,225.0,Solo,2,Low
LP002368,Male,Yes,2,Graduate,No,5935,0.0,133.0,360,1,Semiurban,1,5935.0,Medium,22.40943555181129,369.44444444444446,Solo,4,Low
LP002369,Male,Yes,0,Graduate,No,2920,16.12000084,87.0,360,1,Rural,1,2936.12000084,Low,29.630941506174818,241.66666666666666,Joint,2,Medium
LP002370,Male,No,0,Not Graduate,No,2717,0.0,60.0,180,1,Urban,1,2717.0,Low,22.08317997791682,333.3333333333333,Solo,1,Medium
LP002377,Female,No,1,Graduate,Yes,8624,0.0,150.0,360,1,Semiurban,1,8624.0,High,17.393320964749535,416.6666666666667,Solo,2,Low
LP002379,Male,No,0,Graduate,No,6500,0.0,105.0,360,0,Rural,0,6500.0,High,16.153846153846153,291.6666666666667,Solo,1,High
LP002386,Male,No,0,Graduate,No,12876,0.0,405.0,360,1,Semiurban,1,12876.0,Ultra,31.453867660764214,1125.0,Solo,1,Low
LP002387,Male,Yes,0,Graduate,No,2425,2340.0,143.0,360,1,Semiurban,1,4765.0,Medium,30.010493179433368,397.22222222222223,Joint,2,Low
LP002390,Male,No,0,Graduate,No,3750,0.0,100.0,360,1,Urban,1,3750.0,Medium,26.666666666666668,277.77777777777777,Solo,1,Medium
LP002393,Female,Yes,0,Graduate,No,10047,0.0,128.0,240,1,Semiurban,1,10047.0,Ultra,12.740121429282373,533.3333333333334,Solo,2,Low
LP002398,Male,No,0,Graduate,No,1926,1851.0,50.0,360,1,Semiurban,1,3777.0,Medium,13.238019592268996,138.88888888888889,Joint,1,Medium
LP002401,Male,Yes,0,Graduate,No,2213,1125.0,128.0,360,1,Urban,1,3338.0,Low,38.34631515877771,355.55555555555554,Joint,2,Medium
LP002403,Male,No,0,Graduate,Yes,10416,0.0,187.0,360,0,Urban,0,10416.0,Ultra,17.953149001536097,519.4444444444445,Solo,1,High
LP002407,Female,Yes,0,Not Graduate,Yes,7142,0.0,138.0,360,1,Rural,1,7142.0,High,19.322318678241388,383.3333333333333,Solo,2,Low
LP002408,Male,No,0,Graduate,No,3660,5064.0,187.0,360,1,Semiurban,1,8724.0,High,21.435121503897296,519.4444444444445,Joint,1,Low
LP002409,Male,Yes,0,Graduate,No,7901,1833.0,180.0,360,1,Rural,1,9734.0,High,18.491884117526197,500.0,Joint,2,Low
LP002418,Male,No,3+,Not Graduate,No,4707,1993.0,148.0,360,1,Semiurban,1,6700.0,High,22.08955223880597,411.1111111111111,Joint,4,Low
LP002422,Male,No,1,Graduate,No,37719,0.0,152.0,360,1,Semiurban,1,37719.0,Ultra,4.029799305389856,422.22222222222223,Solo,2,Low
LP002424,Male,Yes,0,Graduate,No,7333,8333.0,175.0,300,1,Rural,1,15666.0,Ultra,11.170688114387847,583.3333333333334,Joint,2,Low
LP002429,Male,Yes,1,Graduate,Yes,3466,1210.0,130.0,360,1,Rural,1,4676.0,Medium,27.80153977758768,361.1111111111111,Joint,3,Low
LP002434,Male,Yes,2,Not Graduate,No,4652,0.0,110.0,360,1,Rural,1,4652.0,Medium,23.6457437661221,305.55555555555554,Solo,4,Low
LP002435,Male,Yes,0,Graduate,No,3539,1376.0,55.0,360,1,Rural,0,4915.0,Medium,11.190233977619531,152.77777777777777,Joint,2,Low
LP002443,Male,Yes,2,Graduate,No,3340,1710.0,150.0,360,0,Rural,0,5050.0,Medium,29.702970297029704,416.6666666666667,Joint,4,High
LP002444,Male,No,1,Not Graduate,Yes,2769,1542.0,190.0,360,1,Semiurban,0,4311.0,Medium,44.07330085826954,527.7777777777778,Joint,2,Low
LP002446,Male,Yes,2,Not Graduate,No,2309,1255.0,125.0,360,0,Rural,0,3564.0,Medium,35.072951739618404,347.22222222222223,Joint,4,High
LP002447,Male,Yes,2,Not Graduate,No,1958,1456.0,60.0,300,1,Urban,1,3414.0,Low,17.57469244288225,200.0,Joint,4,Medium
LP002448,Male,Yes,0,Graduate,No,3948,1733.0,149.0,360,0,Rural,0,5681.0,Medium,26.22777679985918,413.8888888888889,Joint,2,High
LP002449,Male,Yes,0,Graduate,No,2483,2466.0,90.0,180,0,Rural,1,4949.0,Medium,18.185492018589613,500.0,Joint,2,High
LP002453,Male,No,0,Graduate,Yes,7085,0.0,84.0,360,1,Semiurban,1,7085.0,High,11.856033874382499,233.33333333333334,Solo,1,Low
LP002455,Male,Yes,2,Graduate,No,3859,0.0,96.0,360,1,Semiurban,1,3859.0,Medium,24.876911116869657,266.6666666666667,Solo,4,Medium
LP002459,Male,Yes,0,Graduate,No,4301,0.0,118.0,360,1,Urban,1,4301.0,Medium,27.435480120902117,327.77777777777777,Solo,2,Low
LP002467,Male,Yes,0,Graduate,No,3708,2569.0,173.0,360,1,Urban,0,6277.0,High,27.560936753226063,480.55555555555554,Joint,2,Low
LP002472,Male,No,2,Graduate,No,4354,0.0,136.0,360,1,Rural,1,4354.0,Medium,31.23564538355535,377.77777777777777,Solo,3,Low
LP002473,Male,Yes,0,Graduate,No,8334,0.0,160.0,360,1,Semiurban,0,8334.0,High,19.19846412287017,444.44444444444446,Solo,2,Low
LP002478,Male,Yes,0,Graduate,Yes,2083,4083.0,160.0,360,1,Semiurban,1,6166.0,High,25.948751216347713,444.44444444444446,Joint,2,Low
LP002484,Male,Yes,3+,Graduate,No,7740,0.0,128.0,180,1,Urban,1,7740.0,High,16.537467700258397,711.1111111111111,Solo,5,Low
LP002487,Male,Yes,0,Graduate,No,3015,2188.0,153.0,360,1,Rural,1,5203.0,Medium,29.40611185854315,425.0,Joint,2,Low
LP002489,Female,No,1,Not Graduate,No,5191,0.0,132.0,360,1,Semiurban,1,5191.0,Medium,25.42862646888846,366.6666666666667,Solo,2,Low
LP002493,Male,No,0,Graduate,No,4166,0.0,98.0,360,0,Semiurban,0,4166.0,Medium,23.523763802208354,272.22222222222223,Solo,1,High
LP002494,Male,No,0,Graduate,No,6000,0.0,140.0,360,1,Rural,1,6000.0,High,23.333333333333332,388.8888888888889,Solo,1,Low
LP002500,Male,Yes,3+,Not Graduate,No,2947,1664.0,70.0,180,0,Urban,0,4611.0,Medium,15.181088700932552,388.8888888888889,Joint,5,High
LP002501,Male,Yes,0,Graduate,No,16692,0.0,110.0,360,1,Semiurban,1,16692.0,Ultra,6.589983225497244,305.55555555555554,Solo,2,Low
LP002502,Female,Yes,2,Not Graduate,No,210,2917.0,98.0,360,1,Semiurban,1,3127.0,Low,31.33994243684042,272.22222222222223,Joint,4,Medium
LP002505,Male,Yes,0,Graduate,No,4333,2451.0,110.0,360,1,Urban,0,6784.0,High,16.214622641509433,305.55555555555554,Joint,2,Low
LP002515,Male,Yes,1,Graduate,Yes,3450,2079.0,162.0,360,1,Semiurban,1,5529.0,Medium,29.30005425935974,450.0,Joint,3,Low
LP002517,Male,Yes,1,Not Graduate,No,2653,1500.0,113.0,180,0,Rural,0,4153.0,Medium,27.209246327955693,627.7777777777778,Joint,3,High
LP002519,Male,Yes,3+,Graduate,No,4691,0.0,100.0,360,1,Semiurban,1,4691.0,Medium,21.317416329140908,277.77777777777777,Solo,5,Low
LP002522,Female,No,0,Graduate,Yes,2500,0.0,93.0,360,1,Urban,1,2500.0,Low,37.2,258.3333333333333,Solo,1,Medium
LP002524,Male,No,2,Graduate,No,5532,4648.0,162.0,360,1,Rural,1,10180.0,Ultra,15.913555992141454,450.0,Joint,3,Low
LP002527,Male,Yes,2,Graduate,Yes,16525,1014.0,150.0,360,1,Rural,1,17539.0,Ultra,8.552369006214722,416.6666666666667,Joint,4,Low
LP002529,Male,Yes,2,Graduate,No,6700,1750.0,230.0,300,1,Semiurban,1,8450.0,High,27.218934911242602,766.6666666666666,Joint,4,Low
LP002530,Male,Yes,2,Graduate,No,2873,1872.0,132.0,360,0,Semiurban,0,4745.0,Medium,27.818756585879875,366.6666666666667,Joint,4,High
LP002531,Male,Yes,1,Graduate,Yes,16667,2250.0,86.0,360,1,Semiurban,1,18917.0,Ultra,4.546175397790347,238.88888888888889,Joint,3,Low
LP002533,Male,Yes,2,Graduate,No,2947,1603.0,128.0,360,1,Urban,0,4550.0,Medium,28.13186813186813,355.55555555555554,Joint,4,Low
LP002534,Female,No,0,Not Graduate,No,4350,0.0,154.0,360,1,Rural,1,4350.0,Medium,35.40229885057471,427.77777777777777,Solo,1,Low
LP002536,Male,Yes,3+,Not Graduate,No,3095,0.0,113.0,360,1,Rural,1,3095.0,Low,36.51050080775444,313.8888888888889,Solo,5,Medium
LP002537,Male,Yes,0,Graduate,No,2083,3150.0,128.0,360,1,Semiurban,1,5233.0,Medium,24.460156697878844,355.55555555555554,Joint,2,Low
LP002541,Male,Yes,0,Graduate,No,10833,0.0,234.0,360,1,Semiurban,1,10833.0,Ultra,21.60066463583495,650.0,Solo,2,Low
LP002543,Male,Yes,2,Graduate,No,8333,0.0,246.0,360,1,Semiurban,1,8333.0,High,29.52118084723389,683.3333333333334,Solo,4,Low
LP002544,Male,Yes,1,Not Graduate,No,1958,2436.0,131.0,360,1,Rural,1,4394.0,Medium,29.813381884387802,363.8888888888889,Joint,3,Low
LP002545,Male,No,2,Graduate,No,3547,0.0,80.0,360,0,Rural,0,3547.0,Medium,22.554271215111363,222.22222222222223,Solo,3,High
LP002547,Male,Yes,1,Graduate,No,18333,0.0,500.0,360,1,Urban,0,18333.0,Ultra,27.27322314951181,1388.888888888889,Solo,3,Low
LP002555,Male,Yes,2,Graduate,Yes,4583,2083.0,160.0,360,1,Semiurban,1,6666.0,High,24.002400240024002,444.44444444444446,Joint,4,Low
LP002556,Male,No,0,Graduate,No,2435,0.0,75.0,360,1,Urban,0,2435.0,Low,30.80082135523614,208.33333333333334,Solo,1,Medium
LP002560,Male,No,0,Not Graduate,No,2699,2785.0,96.0,360,1,Semiurban,1,5484.0,Medium,17.505470459518598,266.6666666666667,Joint,1,Low
LP002562,Male,Yes,1,Not Graduate,No,5333,1131.0,186.0,360,1,Urban,1,6464.0,High,28.774752475247524,516.6666666666666,Joint,3,Low
LP002571,Male,No,0,Not Graduate,No,3691,0.0,110.0,360,1,Rural,1,3691.0,Medium,29.802221620157137,305.55555555555554,Solo,1,Medium
LP002582,Female,No,0,Not Graduate,Yes,17263,0.0,225.0,360,1,Semiurban,1,17263.0,Ultra,13.033655795632278,625.0,Solo,1,Low
LP002585,Male,Yes,0,Graduate,No,3597,2157.0,119.0,360,0,Rural,0,5754.0,Medium,20.68126520681265,330.55555555555554,Joint,2,High
LP002586,Female,Yes,1,Graduate,No,3326,913.0,105.0,84,1,Semiurban,1,4239.0,Medium,24.769992922859164,1250.0,Joint,3,Low
LP002587,Male,Yes,0,Not Graduate,No,2600,1700.0,107.0,360,1,Rural,1,4300.0,Medium,24.88372093023256,297.22222222222223,Joint,2,Low
LP002588,Male,Yes,0,Graduate,No,4625,2857.0,111.0,12,1,Urban,1,7482.0,High,14.83560545308741,9250.0,Joint,2,Low
LP002600,Male,Yes,1,Graduate,Yes,2895,0.0,95.0,360,1,Semiurban,1,2895.0,Low,32.81519861830743,263.8888888888889,Solo,3,Medium
LP002602,Male,No,0,Graduate,No,6283,4416.0,209.0,360,0,Rural,0,10699.0,Ultra,19.534535937938124,580.5555555555555,Joint,1,High
LP002603,Female,No,0,Graduate,No,645,3683.0,113.0,480,1,Rural,1,4328.0,Medium,26.109057301293902,235.41666666666666,Joint,1,Low
LP002606,Female,No,0,Graduate,No,3159,0.0,100.0,360,1,Semiurban,1,3159.0,Low,31.655587211142766,277.77777777777777,Solo,1,Medium
LP002615,Male,Yes,2,Graduate,No,4865,5624.0,208.0,360,1,Semiurban,1,10489.0,Ultra,19.83029840785585,577.7777777777778,Joint,4,Low
LP002618,Male,Yes,1,Not Graduate,No,4050,5302.0,138.0,360,1,Rural,0,9352.0,High,14.756201881950386,383.3333333333333,Joint,3,Low
LP002619,Male,Yes,0,Not Graduate,No,3814,1483.0,124.0,300,1,Semiurban,1,5297.0,Medium,23.4094770624882,413.3333333333333,Joint,2,Low
LP002622,Male,Yes,2,Graduate,No,3510,4416.0,243.0,360,1,Rural,1,7926.0,High,30.658591975775927,675.0,Joint,4,Low
LP002624,Male,Yes,0,Graduate,No,20833,6667.0,480.0,360,1,Urban,1,27500.0,Ultra,17.454545454545453,1333.3333333333333,Joint,2,Low
LP002625,Male,No,0,Graduate,No,3583,0.0,96.0,360,1,Urban,0,3583.0,Medium,26.793190064192018,266.6666666666667,Solo,1,Medium
LP002626,Male,Yes,0,Graduate,Yes,2479,3013.0,188.0,360,1,Urban,1,5492.0,Medium,34.23160961398398,522.2222222222222,Joint,2,Low
LP002634,Female,No,1,Graduate,No,13262,0.0,40.0,360,1,Urban,1,13262.0,Ultra,3.0161363293620873,111.11111111111111,Solo,2,Low
LP002637,Male,No,0,Not Graduate,No,3598,1287.0,100.0,360,1,Rural,0,4885.0,Medium,20.470829068577277,277.77777777777777,Joint,1,Low
LP002640,Male,Yes,1,Graduate,No,6065,2004.0,250.0,360,1,Semiurban,1,8069.0,High,30.982773577890693,694.4444444444445,Joint,3,Low
LP002643,Male,Yes,2,Graduate,No,3283,2035.0,148.0,360,1,Urban,1,5318.0,Medium,27.830011282437006,411.1111111111111,Joint,4,Low
LP002648,Male,Yes,0,Graduate,No,2130,6666.0,70.0,180,1,Semiurban,0,8796.0,High,7.958162801273306,388.8888888888889,Joint,2,Low
LP002652,Male,No,0,Graduate,No,5815,3666.0,311.0,360,1,Rural,0,9481.0,High,32.80244699926168,863.8888888888889,Joint,1,Low
LP002659,Male,Yes,3+,Graduate,No,3466,3428.0,150.0,360,1,Rural,1,6894.0,High,21.75805047867711,416.6666666666667,Joint,5,Low
LP002670,Female,Yes,2,Graduate,No,2031,1632.0,113.0,480,1,Semiurban,1,3663.0,Medium,30.84903084903085,235.41666666666666,Joint,4,Medium
LP002682,Male,Yes,0,Not Graduate,No,3074,1800.0,123.0,360,0,Semiurban,0,4874.0,Medium,25.235945835043086,341.6666666666667,Joint,2,High
LP002683,Male,No,0,Graduate,No,4683,1915.0,185.0,360,1,Semiurban,0,6598.0,High,28.03879963625341,513.8888888888889,Joint,1,Low
LP002684,Female,No,0,Not Graduate,No,3400,0.0,95.0,360,1,Rural,0,3400.0,Low,27.941176470588236,263.8888888888889,Solo,1,Medium
LP002689,Male,Yes,2,Not Graduate,No,2192,1742.0,45.0,360,1,Semiurban,1,3934.0,Medium,11.438739196746313,125.0,Joint,4,Medium
LP002690,Male,No,0,Graduate,No,2500,0.0,55.0,360,1,Semiurban,1,2500.0,Low,22.0,152.77777777777777,Solo,1,Medium
LP002692,Male,Yes,3+,Graduate,Yes,5677,1424.0,100.0,360,1,Rural,1,7101.0,High,14.08252358822701,277.77777777777777,Joint,5,Low
LP002693,Male,Yes,2,Graduate,Yes,7948,7166.0,480.0,360,1,Rural,1,15114.0,Ultra,31.758634378721716,1333.3333333333333,Joint,4,Low
LP002697,Male,No,0,Graduate,No,4680,2087.0,128.0,360,1,Semiurban,0,6767.0,High,18.91532436825772,355.55555555555554,Joint,1,Low
LP002699,Male,Yes,2,Graduate,Yes,17500,0.0,400.0,360,1,Rural,1,17500.0,Ultra,22.857142857142858,1111.111111111111,Solo,4,Low
LP002705,Male,Yes,0,Graduate,No,3775,0.0,110.0,360,1,Semiurban,1,3775.0,Medium,29.13907284768212,305.55555555555554,Solo,2,Medium
LP002706,Male,Yes,1,Not Graduate,No,5285,1430.0,161.0,360,0,Semiurban,1,6715.0,High,23.976172747580044,447.22222222222223,Joint,3,High
LP002714,Male,No,1,Not Graduate,No,2679,1302.0,94.0,360,1,Semiurban,1,3981.0,Medium,23.61215774930922,261.1111111111111,Joint,2,Medium
LP002716,Male,No,0,Not Graduate,No,6783,0.0,130.0,360,1,Semiurban,1,6783.0,High,19.165560961226596,361.1111111111111,Solo,1,Low
LP002717,Male,Yes,0,Graduate,No,1025,5500.0,216.0,360,1,Rural,1,6525.0,High,33.10344827586207,600.0,Joint,2,Low
LP002720,Male,Yes,3+,Graduate,No,4281,0.0,100.0,360,1,Urban,1,4281.0,Medium,23.3590282644242,277.77777777777777,Solo,5,Low
LP002723,Male,No,2,Graduate,No,3588,0.0,110.0,360,0,Rural,0,3588.0,Medium,30.657748049052397,305.55555555555554,Solo,3,High
LP002729,Male,No,1,Graduate,No,11250,0.0,196.0,360,1,Semiurban,0,11250.0,Ultra,17.42222222222222,544.4444444444445,Solo,2,Low
LP002731,Female,No,0,Not Graduate,Yes,18165,0.0,125.0,360,1,Urban,1,18165.0,Ultra,6.881365262868153,347.22222222222223,Solo,1,Low
LP002732,Male,No,0,Not Graduate,No,2550,2042.0,126.0,360,1,Rural,1,4592.0,Medium,27.4390243902439,350.0,Joint,1,Low
LP002734,Male,Yes,0,Graduate,No,6133,3906.0,324.0,360,1,Urban,1,10039.0,Ultra,32.27413088953083,900.0,Joint,2,Low
LP002738,Male,No,2,Graduate,No,3617,0.0,107.0,360,1,Semiurban,1,3617.0,Medium,29.58252695604092,297.22222222222223,Solo,3,Medium
LP002739,Male,Yes,0,Not Graduate,No,2917,536.0,66.0,360,1,Rural,0,3453.0,Low,19.113814074717638,183.33333333333334,Joint,2,Medium
LP002740,Male,Yes,3+,Graduate,No,6417,0.0,157.0,180,1,Rural,1,6417.0,High,24.46626149290946,872.2222222222222,Solo,5,Low
LP002741,Female,Yes,1,Graduate,No,4608,2845.0,140.0,180,1,Semiurban,1,7453.0,High,18.784382128002147,777.7777777777778,Joint,3,Low
LP002743,Female,No,0,Graduate,No,2138,0.0,99.0,360,0,Semiurban,0,2138.0,Low,46.30495790458372,275.0,Solo,1,High
LP002753,Female,No,1,Graduate,No,3652,0.0,95.0,360,1,Semiurban,1,3652.0,Medium,26.013143483023,263.8888888888889,Solo,2,Medium
LP002755,Male,Yes,1,Not Graduate,No,2239,2524.0,128.0,360,1,Urban,1,4763.0,Medium,26.873819021625025,355.55555555555554,Joint,3,Low
LP002757,Female,Yes,0,Not Graduate,No,3017,663.0,102.0,360,1,Semiurban,1,3680.0,Medium,27.717391304347824,283.3333333333333,Joint,2,Medium
LP002767,Male,Yes,0,Graduate,No,2768,1950.0,155.0,360,1,Rural,1,4718.0,Medium,32.852903772785076,430.55555555555554,Joint,2,Low
LP002768,Male,No,0,Not Graduate,No,3358,0.0,80.0,36,1,Semiurban,0,3358.0,Low,23.823704586063133,2222.222222222222,Solo,1,Medium
LP002772,Male,No,0,Graduate,No,2526,1783.0,145.0,360,1,Rural,1,4309.0,Medium,33.65049895567417,402.77777777777777,Joint,1,Low
LP002776,Female,No,0,Graduate,No,5000,0.0,103.0,360,0,Semiurban,0,5000.0,Medium,20.6,286.1111111111111,Solo,1,High
LP002777,Male,Yes,0,Graduate,No,2785,2016.0,110.0,360,1,Rural,1,4801.0,Medium,22.911893355550927,305.55555555555554,Joint,2,Low
LP002778,Male,Yes,2,Graduate,Yes,6633,0.0,128.0,360,0,Rural,0,6633.0,High,19.29745213327303,355.55555555555554,Solo,4,High
LP002784,Male,Yes,1,Not Graduate,No,2492,2375.0,128.0,360,1,Rural,1,4867.0,Medium,26.299568522703925,355.55555555555554,Joint,3,Low
LP002785,Male,Yes,1,Graduate,No,3333,3250.0,158.0,360,1,Urban,1,6583.0,High,24.001215251405135,438.8888888888889,Joint,3,Low
LP002788,Male,Yes,0,Not Graduate,No,2454,2333.0,181.0,360,0,Urban,0,4787.0,Medium,37.81073741382912,502.77777777777777,Joint,2,High
LP002789,Male,Yes,0,Graduate,No,3593,4266.0,132.0,180,0,Rural,0,7859.0,High,16.79603002926581,733.3333333333334,Joint,2,High
LP002792,Male,Yes,1,Graduate,No,5468,1032.0,26.0,360,1,Semiurban,1,6500.0,High,4.0,72.22222222222223,Joint,3,Low
LP002794,Female,No,0,Graduate,No,2667,1625.0,84.0,360,1,Urban,1,4292.0,Medium,19.571295433364398,233.33333333333334,Joint,1,Low
LP002795,Male,Yes,3+,Graduate,Yes,10139,0.0,260.0,360,1,Semiurban,1,10139.0,Ultra,25.64355459118256,722.2222222222222,Solo,5,Low
LP002798,Male,Yes,0,Graduate,No,3887,2669.0,162.0,360,1,Semiurban,1,6556.0,High,24.71018913971934,450.0,Joint,2,Low
LP002804,Female,Yes,0,Graduate,No,4180,2306.0,182.0,360,1,Semiurban,1,6486.0,High,28.060437866173295,505.55555555555554,Joint,2,Low
LP002807,Male,Yes,2,Not Graduate,No,3675,242.0,108.0,360,1,Semiurban,1,3917.0,Medium,27.572121521572633,300.0,Joint,4,Medium
LP002813,Female,Yes,1,Graduate,Yes,19484,0.0,600.0,360,1,Semiurban,1,19484.0,Ultra,30.794498049681792,1666.6666666666667,Solo,3,Low
LP002820,Male,Yes,0,Graduate,No,5923,2054.0,211.0,360,1,Rural,1,7977.0,High,26.45104675943337,586.1111111111111,Joint,2,Low
LP002821,Male,No,0,Not Graduate,Yes,5800,0.0,132.0,360,1,Semiurban,1,5800.0,Medium,22.75862068965517,366.6666666666667,Solo,1,Low
LP002832,Male,Yes,2,Graduate,No,8799,0.0,258.0,360,0,Urban,0,8799.0,High,29.321513808387316,716.6666666666666,Solo,4,High
LP002833,Male,Yes,0,Not Graduate,No,4467,0.0,120.0,360,1,Rural,1,4467.0,Medium,26.863666890530556,333.3333333333333,Solo,2,Low
LP002836,Male,No,0,Graduate,No,3333,0.0,70.0,360,1,Urban,1,3333.0,Low,21.002100210021002,194.44444444444446,Solo,1,Medium
LP002837,Male,Yes,3+,Graduate,No,3400,2500.0,123.0,360,0,Rural,0,5900.0,Medium,20.847457627118644,341.6666666666667,Joint,5,High
LP002840,Female,No,0,Graduate,No,2378,0.0,9.0,360,1,Urban,0,2378.0,Low,3.7846930193439867,25.0,Solo,1,Medium
LP002841,Male,Yes,0,Graduate,No,3166,2064.0,104.0,360,0,Urban,0,5230.0,Medium,19.88527724665392,288.8888888888889,Joint,2,High
LP002842,Male,Yes,1,Graduate,No,3417,1750.0,186.0,360,1,Urban,1,5167.0,Medium,35.99767756918909,516.6666666666666,Joint,3,Low
LP002847,Male,Yes,0,Graduate,No,5116,1451.0,165.0,360,0,Urban,0,6567.0,High,25.12562814070352,458.3333333333333,Joint,2,High
LP002855,Male,Yes,2,Graduate,No,16666,0.0,275.0,360,1,Urban,1,16666.0,Ultra,16.500660026401057,763.8888888888889,Solo,4,Low
LP002862,Male,Yes,2,Not Graduate,No,6125,1625.0,187.0,480,1,Semiurban,0,7750.0,High,24.129032258064516,389.5833333333333,Joint,4,Low
LP002863,Male,Yes,3+,Graduate,No,6406,0.0,150.0,360,1,Semiurban,0,6406.0,High,23.415547923821418,416.6666666666667,Solo,5,Low
LP002868,Male,Yes,2,Graduate,No,3159,461.0,108.0,84,1,Urban,1,3620.0,Medium,29.834254143646408,1285.7142857142858,Joint,4,Medium
LP002872,Male,Yes,0,Graduate,No,3087,2210.0,136.0,360,0,Semiurban,0,5297.0,Medium,25.674910326599964,377.77777777777777,Joint,2,High
LP002874,Male,No,0,Graduate,No,3229,2739.0,110.0,360,1,Urban,1,5968.0,Medium,18.431635388739945,305.55555555555554,Joint,1,Low
LP002877,Male,Yes,1,Graduate,No,1782,2232.0,107.0,360,1,Rural,1,4014.0,Medium,26.656701544593922,297.22222222222223,Joint,3,Low
LP002888,Male,No,0,Graduate,No,3182,2917.0,161.0,360,1,Urban,1,6099.0,High,26.397770126250204,447.22222222222223,Joint,1,Low
LP002892,Male,Yes,2,Graduate,No,6540,0.0,205.0,360,1,Semiurban,1,6540.0,High,31.345565749235472,569.4444444444445,Solo,4,Low
LP002893,Male,No,0,Graduate,No,1836,33837.0,90.0,360,1,Urban,0,35673.0,Ultra,2.5229164914641324,250.0,Joint,1,Low
LP002894,Female,Yes,0,Graduate,No,3166,0.0,36.0,360,1,Semiurban,1,3166.0,Low,11.37081490840177,100.0,Solo,2,Medium
LP002898,Male,Yes,1,Graduate,No,1880,0.0,61.0,360,1,Rural,0,1880.0,Low,32.4468085106383,169.44444444444446,Solo,3,Medium
LP002911,Male,Yes,1,Graduate,No,2787,1917.0,146.0,360,0,Rural,0,4704.0,Medium,31.037414965986393,405.55555555555554,Joint,3,High
LP002912,Male,Yes,1,Graduate,No,4283,3000.0,172.0,84,1,Rural,0,7283.0,High,23.61664149388988,2047.6190476190477,Joint,3,Low
LP002916,Male,Yes,0,Graduate,No,2297,1522.0,104.0,360,1,Urban,1,3819.0,Medium,27.232259753862266,288.8888888888889,Joint,2,Medium
LP002917,Female,No,0,Not Graduate,No,2165,0.0,70.0,360,1,Semiurban,1,2165.0,Low,32.33256351039261,194.44444444444446,Solo,1,Medium
LP002925,Male,No,0,Graduate,No,4750,0.0,94.0,360,1,Semiurban,1,4750.0,Medium,19.789473684210527,261.1111111111111,Solo,1,Low
LP002926,Male,Yes,2,Graduate,Yes,2726,0.0,106.0,360,0,Semiurban,0,2726.0,Low,38.88481291269259,294.44444444444446,Solo,4,High
LP002928,Male,Yes,0,Graduate,No,3000,3416.0,56.0,180,1,Semiurban,1,6416.0,High,8.728179551122194,311.1111111111111,Joint,2,Low
LP002931,Male,Yes,2,Graduate,Yes,6000,0.0,205.0,240,1,Semiurban,0,6000.0,High,34.166666666666664,854.1666666666666,Solo,4,Low
LP002933,Male,No,3+,Graduate,Yes,9357,0.0,292.0,360,1,Semiurban,1,9357.0,High,31.206583306615368,811.1111111111111,Solo,4,Low
LP002936,Male,Yes,0,Graduate,No,3859,3300.0,142.0,180,1,Rural,1,7159.0,High,19.835172510127112,788.8888888888889,Joint,2,Low
LP002938,Male,Yes,0,Graduate,Yes,16120,0.0,260.0,360,1,Urban,1,16120.0,Ultra,16.129032258064516,722.2222222222222,Solo,2,Low
LP002940,Male,No,0,Not Graduate,No,3833,0.0,110.0,360,1,Rural,1,3833.0,Medium,28.69814766501435,305.55555555555554,Solo,1,Medium
LP002941,Male,Yes,2,Not Graduate,Yes,6383,1000.0,187.0,360,1,Rural,0,7383.0,High,25.328457266693757,519.4444444444445,Joint,4,Low
LP002943,Male,No,0,Graduate,No,2987,0.0,88.0,360,0,Semiurban,0,2987.0,Low,29.46099765651155,244.44444444444446,Solo,1,High
LP002945,Male,Yes,0,Graduate,Yes,9963,0.0,180.0,360,1,Rural,1,9963.0,High,18.066847335140018,500.0,Solo,2,Low
LP002948,Male,Yes,2,Graduate,No,5780,0.0,192.0,360,1,Urban,1,5780.0,Medium,33.21799307958477,533.3333333333334,Solo,4,Low
LP002949,Female,No,3+,Graduate,No,416,41667.0,350.0,180,1,Urban,0,42083.0,Ultra,8.31689755958463,1944.4444444444443,Joint,4,Low
LP002950,Male,Yes,0,Not Graduate,No,2894,2792.0,155.0,360,1,Rural,1,5686.0,Medium,27.259936686598664,430.55555555555554,Joint,2,Low
LP002953,Male,Yes,3+,Graduate,No,5703,0.0,128.0,360,1,Urban,1,5703.0,Medium,22.44432754690514,355.55555555555554,Solo,5,Low
LP002958,Male,No,0,Graduate,No,3676,4301.0,172.0,360,1,Rural,1,7977.0,High,21.561990723329572,477.77777777777777,Joint,1,Low
LP002959,Female,Yes,1,Graduate,No,12000,0.0,496.0,360,1,Semiurban,1,12000.0,Ultra,41.333333333333336,1377.7777777777778,Solo,3,Low
LP002960,Male,Yes,0,Not Graduate,No,2400,3800.0,128.0,180,1,Urban,0,6200.0,High,20.64516129032258,711.1111111111111,Joint,2,Low
LP002961,Male,Yes,1,Graduate,No,3400,2500.0,173.0,360,1,Semiurban,1,5900.0,Medium,29.322033898305083,480.55555555555554,Joint,3,Low
LP002964,Male,Yes,2,Not Graduate,No,3987,1411.0,157.0,360,1,Rural,1,5398.0,Medium,29.084846239347907,436.1111111111111,Joint,4,Low
LP002974,Male,Yes,0,Graduate,No,3232,1950.0,108.0,360,1,Rural,1,5182.0,Medium,20.841373986877652,300.0,Joint,2,Low
LP002978,Female,No,0,Graduate,No,2900,0.0,71.0,360,1,Rural,1,2900.0,Low,24.482758620689655,197.22222222222223,Solo,1,Medium
LP002979,Male,Yes,3+,Graduate,No,4106,0.0,40.0,180,1,Rural,1,4106.0,Medium,9.74184120798831,222.22222222222223,Solo,5,Low
LP002983,Male,Yes,1,Graduate,No,8072,240.0,253.0,360,1,Urban,1,8312.0,High,30.437921077959576,702.7777777777778,Joint,3,Low
LP002984,Male,Yes,2,Graduate,No,7583,0.0,187.0,360,1,Urban,1,7583.0,High,24.66042463404985,519.4444444444445,Solo,4,Low
LP002990,Female,No,0,Graduate,Yes,4583,0.0,133.0,360,0,Semiurban,0,4583.0,Medium,29.02029238490072,369.44444444444446,Solo,1,High
